,0
keyword,"""bop"" countries"
clasification,No Poverty
gpt2_0,"""bop"" countries to use drones to transport and search for their victims.

The Obama administration also wants to make drone technology available to foreign nations. The United States is not a member of a group of countries that are particularly opposed to drone"
gpt2_1,"""bop"" countries including Russia are being held accountable for a spike in asylum-seekers.

The Syrian refugee crisis and the lack of access to medical care make that situation even more difficult for refugees who are fleeing war and terrorism in the Middle"
gpt2_2,"""bop"" countries like Turkey and Qatar.

The issue of the United States' legal right to engage in bilateral nuclear-armed conflict has been complicated by concerns that Washington was forced to back down after Turkey's move.

Dealing"
gpt2_3,"""bop"" countries like China – are a source of immense danger since these entities cannot be allowed to flourish like the US and its massive military, intelligence and law enforcement agencies. They constitute a threat to China through all of their actions, including their"
gpt2_4,"""bop"" countries for its treatment of victims of the attack.

The government did not respond to requests for comment when the UN Committee on International Covenant on Civil and Political Rights filed a report on Thursday that sought to justify the ""extrajudicial"
gpt2_5,"""bop"" countries:

- Denmark, Norway, Sweden

- Ireland, Norway, Italy, Netherlands

- Scotland, Scotland, England

- Germany, Greece, Italy, Netherlands

- Sweden, Norway

"
gpt2_6,"""bop"" countries that have been a major obstacle to expanding its presence globally to prevent its military from taking the lead in Syria.

""We have seen an escalation [of US military operations in northern Syria] since at least 2015 as people"
gpt2_7,"""bop"" countries.

But as a result, its presence has sparked a debate. It could be seen as a shift toward a globalist, open-source-first attitude to technology, as it might be seen as a step towards"
gpt2_8,"""bop"" countries can access the same kind of ""bop"" from other countries if they can prove they are in the same country from the beginning of the country's history. This allows the parties to prove what the world is like over time"
gpt2_9,"""bop"" countries like Syria, Somalia and Jordan. According to the CIA, they see that this ""bop"" is actually just a bunch of poor kids that have been pushed outside and will likely move into ""bops"" countries like the"
gpt2_10,"""bop"" countries,"" said the report.

The findings are based on data from the US Department of Health and Human Services (HHS) and US Geological Survey.

The report's authors found that among the 50 most commonly cited"
gpt2_11,"""bop"" countries that will be given priority, or ""don't matter,"" as the UN Security Council put it.

That makes sense, particularly for China. A new round of talks in Copenhagen next week will outline five countries' priorities"
gpt2_12,"""bop"" countries, and has now also come up with new ""bop-type"" countries designed to serve as a template for other countries that may be interested in joining the World Health Organization.

According to the Centers for Disease Control"
gpt2_13,"""bop"" countries will be required to pay up to 1 percent per annum for every student admitted. If a country has a deficit of more than 1 percent of its national income, the government will need to collect additional national revenue in order to"
gpt2_14,"""bop"" countries that aren't already a member.

As we head to Syria in the Middle East, for example, where Iran's Shia Hezbollah movement is trying to weaken it, we're also entering the Syria War which might, someday"
gpt2_15,"""bop"" countries that are not democracies have been granted access to all types of human rights. But, under those conditions, Canada cannot ""open-mouthed and open carry"" those rights if the country does not maintain the right to exist"
gpt2_16,"""bop"" countries that are on the ""high"" list of countries that do not have a diplomatic base in Geneva are not part of the United Nations Framework Convention on Climate Change (""UNFCCC), according to a new report from the Intergovernmental"
gpt2_17,"""bop"" countries of the Middle East.

The main difference that makes such a strong case is the fact that we do not have to be convinced that Syria is being used for terror activities.

It is also the fact that this"
gpt2_18,"""bop"" countries as well as nations in India and Pakistan"" has been a popular slogan in the country.

The US Ambassador to Pakistan, Jeffrey Sullivan, said that despite the US' rhetoric, there were other initiatives which supported Pakistan's"
gpt2_19,"""bop"" countries are able to claim ""independence"" from a ""rightly-held political order"" on the basis of their own self-rule.

This is a crucial part of the ""right to self-rule"" case,"
neo_0,"""bop"" countries have always been the land of the past. Newer countries like Australia and the United States, they just keep reinventing themselves in their own image. No matter what you may believe about the ""real world"" or the nature"
neo_1,"""bop"" countries.

The country's new leader, Jair Bolsonaro, pledged his support for the Amazon, during a speech at the presidential palace. His speech was broadcast live, in English, from the palace.


"
neo_2,"""bop"" countries

""bop"" countries

The best of music from around the world, featuring the new world of pop.

I remember one of the most popular posts at MusicBuzz (probably because it was about something"
neo_3,"""bop"" countries

I saw it in my email, with the word ""bop"" in the headline, and I thought it was a joke. I read it and thought ""this must be satire"", but it turns out it wasn"
neo_4,"""bop"" countries in Africa such as the Congo, Angola, Gabon and Cameroon are experiencing an urban-rural conflict and a shortage of employment opportunities for the young.

“The fact that you are in a country where you"
neo_5,"""bop"" countries

I guess I can't really make a case for B-O-P as a country other than as some kind of slang of ""bad on purpose"". I like the sound, the feeling, and the music,"
neo_6,"""bop"" countries. However by far the most popular form would probably be the one that was a great success and went big: the ""fresher"" form, where the song starts off very quietly and gradually gets louder; it can be"
neo_7,"""bop"" countries, the only other country that could be considered in the same league as the Soviet Union in terms of its economic and military strength: South Korea.

South Korea is the second most affluent nation on earth after the United States"
neo_8,"""bop"" countries,

Dancing Class

Carmen's Daring Romance is available as a download on the Daring Entertainer website,

and in the Daring Entertainer e-zine.
"
neo_9,"""bop"" countries, which were very small in the United States. Many of these performers were Americans whose parents had little interest in the music they played: these were mostly white, male blues musicians, who had lived in the United States for too"
neo_10,"""bop"" countries

A little more than a year ago, I wrote an article titled, ""Facing the Future, USA"". It was based on some findings that I had gathered in my time traveling across the Middle East (Saudi Arabia"
neo_11,"""bop"" countries
to the next level without trying to be ""cool"".

------
nodata
While we're on the topic of music, anyone think the new music video on
YouTube for ""Pumped Up Kicks"
neo_12,"""bop"" countries and people's way of life

How to find the best way to build your own city or city-state

""I think there is a reason the best players are not only the best players, the best countries"
neo_13,"""bop"" countries.

""The goal is to build something that's going to work,"" said Chris Branscomb, associate professor of music and computer science at Princeton University. ""Our primary goal has been to create a virtual instrument that"
neo_14,"""bop"" countries, or to ""bop with the bop."" These terms have been around since the thirties, but I think the ""bop"" came from the ""bebop"" of the twenties.

It"
neo_15,"""bop"" countries of origin of a particular cultural group were the following: Italy 3%, Spain 3%, France 4%, Germany 1%, and Great Britain 4% (Carpentier, 1985). A similar study of the ""sou"""
neo_16,"""bop"" countries: ""Brazil"", ""Barbados"", ""Belize"", ""Canada"", ""Chile"", ""Colombia"", ""Costa Rica"", ""Ecuador"", ""El Salvador"", ""French Guiana"", ""Gu"
neo_17,"""bop"" countries

The first two weeks of May have been the hottest May on record in the contiguous U.S.

The National Oceanic and Atmospheric Administration released a report Thursday on the weather's impact of the May heat."
neo_18,"""bop"" countries) and its influence over the course of the first half of the 20th century. This period covers the impact of jazz in the form of clubs and disc-jockeys. In this period, the impact of the blues"
neo_19,"""bop"" countries""

""bop"" countries

The name of the music genre derived from ""bop"" - the combination of the word ""bebopper"" and ""polka"".

An album with ""b"
