,3
keyword,child nutritional status
clasification,No Poverty
gpt2_0,"child nutritional status."" ""I've been a pretty good nutrition advocate"" said a member of the Board of Health of the Health Council of Toronto,"" added Dr. Eric Gillett. ""The one thing I'm most proud of is people of colour"
gpt2_1,"child nutritional status.""

To make good weight regulation a requirement in the state legislature, the bill, a draft written by two experts to ALEC, would have required that people living in or living close to the state be at least 21 and a resident"
gpt2_2,child nutritional status (%) Males (%) Males with some education (%) Males (%) More than 5 years of education (%) Races - Middle Atlantic - +1.1% Native Hawaiian and other Pacific Islander -0.4% Other Pacific Islander -0.4
gpt2_3,"child nutritional status).

This data set included seven groups (n = 28 individuals with high protein-intolerant/low carbohydrate/low fat carbohydrate) at each intervention period to evaluate our dietary status and biomarkers for chronic disease (i."
gpt2_4,"child nutritional status and risk of cancer.

""You would expect this to be a strong indicator,"" said John Chumley, a retired epidemiologist at the FDA. ""But what's really surprising is that more than 60 percent of U."
gpt2_5,"child nutritional status

The results of the analysis conducted by this team are summarized in Table 1. The top-ranked states, which include most of the United States and Canada that did not elect a ""healthy"" diet in the last presidential election cycle"
gpt2_6,"child nutritional status in individuals with severe obesity: A randomised controlled trial evaluating the risk of developing obesity in women with chronic severe obesity by age 40 (n = 23) , J Nutr , 2002 , vol. 103 (pg. 613 - 6"
gpt2_7,"child nutritional status, but the average American diet has different variations in these nutrients (3).

An important implication is that the diet influences some kinds of physical and mental health (4). One of the ways nutrient intake is affected by eating pattern and"
gpt2_8,child nutritional status. While the US is very generous when it comes to nutritional education (as in most countries) some other countries have been better at educating their children. I found that about half (50%) of the girls in Mexico who enrolled in a
gpt2_9,"child nutritional status is generally associated with the development of obesity, and this can be considered a risk factor for type 2 diabetes, including type 1 diabetes and stroke.


Obesity and diabetes

Obesity has been recognized for many years in the"
gpt2_10,"child nutritional status and to the health and safety of the people who serve this community.

The Coalition provides funding, support and services for people in need. It is accountable to the people for which it serves. At AHS a lot of them"
gpt2_11,"child nutritional status. The report concludes that when the nutritional status is established to be ""substantial, the overall picture can be improved in a practical and appropriate way without adversely altering the diet,"" since ""the more dietary factors that reduce physical activity will improve"
gpt2_12,"child nutritional status (CPR), were defined as the total intake of whole wheat flour (30 IU or less) per day at baseline, during the week at which both eggs were taken, or at the end of the menstrual period when the egg had"
gpt2_13,"child nutritional status will be established. It is important to ensure compliance with the legislation's nutritional requirements. In addition, there must be a clear and substantial reduction in the risk of disease in a family with diabetes or if a family member already developed this illness"
gpt2_14,"child nutritional status was assessed in these patients.

Although our data suggest this relationship between obesity and plasma IGF (in the PSAF and CRF), this relationship was not significant. There was evidence suggesting that plasma IGF may not be the sole"
gpt2_15,"child nutritional status in childhood were assessed using the IBD (all subjects were included in this subgroup). The IBD of the youngest subjects was evaluated for their high frequency of vitamin D deficiency.

Fifty-three (57.1%)"
gpt2_16,"child nutritional status in adults and children. For infants, health experts say, the number of reported cases of malnutrition is higher than in adults.

""The vast majority of these reports, according to the World Health Organization, come from young children and"
gpt2_17,child nutritional status for children ages 1 and 2 on a standard diet; data were assessed with the use of the Dietary Guidelines for Americans for Human Growth (Guidelines) or the Canadian Food Inspection Agency (CAFI) and at 6 months of age under
gpt2_18,"child nutritional status, health status, and socioeconomic status was measured using validated questionnaires; however, it was not possible to interpret the gender-specific values in a regression model. Pregnancy, postpartum weight regain, and low birthweight were estimated"
gpt2_19,"child nutritional status. The new guidelines include a reduction in the incidence of gastric cancer by 4% and a reduction in all cancers by 16%.

However, there is evidence that the benefits may not be as significant in the short and medium-"
neo_0,"child nutritional status in children aged 2 to 36 mo \[[@pmed.1002174.ref015],[@pmed.1002174.ref016]\] and the recent results (from the Demographic and Health Survey) on"
neo_1,"child nutritional status in children under 5 years of age, was evaluated in a randomized clinical trial. This trial showed a significant difference in terms of growth between the intervention group and the control group \[[@CR18]\].

The present"
neo_2,"child nutritional status, the difference between the two groups was statistically significant (5.8 vs. 15.5, *P* = 0.007). On the other hand, we did not find any relation between the number of previous episodes of hospital"
neo_3,"child nutritional status.

This research was funded by the South African Department of Science and Technology (DST) (DST-NRF\\R&D\\S\\0017) and the National Research Foundation of South Africa (NRF"
neo_4,"child nutritional status: maternal dietary intake (P < .001), physical activity (P < .001), and breastfeeding duration (P = .038) were all associated with weight gain. Increased maternal physical activity and greater breastfeeding duration were also associated with"
neo_5,"child nutritional status was significantly lower among women with child bearing. The prevalence of stunting was higher in the study districts than in the rest of Ethiopia. Age at marriage, religion, occupation and place of residence of the women had no significant association with the"
neo_6,"child nutritional status, and anthropometric and biochemical parameters.

3.3. Anthropometric and Glucose Parameters {#sec3dot3-nutrients-10-00307}
------------------------------------------

There was an increase in the"
neo_7,"child nutritional status and breastfeeding practices. The research design utilized a multiple baseline, randomized, controlled, and parallel group design. One week prior to baseline, participants were recruited and randomly assigned to the control (n = 14) or intervention (n = 27"
neo_8,"child nutritional status.

The effect of PN supplementation on the development of overweight and obesity in preterm infants has been examined mainly in the USA and has resulted in conflicting results. Several experimental studies have focused on the possible changes in serum leptin concentration"
neo_9,"child nutritional status, body mass index *(BMI)*, and lifestyle behaviours were found to be predictive of the time of conversion. Inclusion of these variables significantly increased the odds for conversion to FH (aOR 2.10; 95%"
neo_10,"child nutritional status, and a number of studies have shown a positive association between higher intake of n−3 PUFA and weight gain and body mass index (BMI) among overweight/obese individuals. However, one study (Liu et al"
neo_11,"child nutritional status and child height were independent. The regression coefficients in the above models were also compared to their counterparts in a previously performed regression analysis with the same data with additional control for child age and sex \[[@CR8]\].

"
neo_12,"child nutritional status, age at immigration, number of children, time in the United States, language spoken at home, and education. These social indicators have previously been shown to be related to health outcomes in this population. We found significant associations of the social"
neo_13,"child nutritional status and its associated metabolic health.
Excess weight gain (EWG) from pregnancy and pregnancy weight retention (PWR) into adulthood are recognized risk factors for cardiovascular disease (CVD). Thus, a high energy intake or low energy"
neo_14,"child nutritional status (BMI, HC, WC, WHR) at baseline, and at age 16 years to assess growth and height velocity. We analyzed the association of dietary intake with adiposity and growth outcomes, adjusting for total energy intake and age"
neo_15,"child nutritional status was associated with decreased weight loss, yet the strength of these associations was weak to moderate. However, the associations remained after adjusting for potential confounding factors when evaluated using regression models \[[@B47]\]. The association between energy deficient"
neo_16,"child nutritional status (BMI) were not significant.

###### 

Logistic and multinomial regression of factors associated with under-four mortality among children aged 0-59

  **Variables**     "
neo_17,"child nutritional status, and the prevalence of malnutrition
-----------------------------------------------------------------------------------

For each region, stunting and wasting were defined as Z scores less that −2.0 and Z scores less than 2.0, respectively, and overweight/obesity"
neo_18,"child nutritional status

Weight loss, , ,

weight management programs, –

Western diet, , , ,

Weingarten, William,

whole grains:

caloric value of, , , ,
"
neo_19,"child nutritional status. In men the average time spent talking was 33% longer than with women. In both sexes, the total duration of conversations was not related to nutritional status (P greater than 0.05 for both). In men, the time spent"
