,4
keyword,counting marginalised children
clasification,No Poverty
gpt2_0,"counting marginalised children and families from working-class backgrounds. However, only about 1% of children from low social and financial support jobs are included in the report.

There are now more than 3 million children living with families in poverty in"
gpt2_1,"counting marginalised children by denying that most of the people were aware that they were part of an integrated religious community.""

Samantha Smith, a senior lecturer at Durham University's School of Philosophy, said: ""I always want religious schools"
gpt2_2,"counting marginalised children from schools, the latest figures found.

Of those who were living in poverty, 20% were children under 25, while the rest were at least 16 or 17. The figures do not include those at risk of homelessness"
gpt2_3,"counting marginalised children.

""But you also get to look beyond the issues – at the same time there are some changes that might make things more palatable to younger people.

""We have seen more people moving into more traditional"
gpt2_4,"counting marginalised children, the most vulnerable underprivileged, the underprivileged and the most underprivileged. When we say that poverty ""needs to be tackled in a system that is based on the concept of the poor being held back,"""
gpt2_5,"counting marginalised children and adults and their children, the social and economic conditions where children grow up, and those whose children reach the end of life.

Our campaign aims to make safe places like these a priority for all. The aim is"
gpt2_6,"counting marginalised children. In all, she wrote in her book, parents were blamed for being less honest in the years after school.

In May 2013, it was revealed that the Department of Education did not consider children in its assessments system"
gpt2_7,"counting marginalised children who are not fit to work, low-paid migrant workers.""

Image copyright PA Image caption Children are at risk since 2010

The study is published in the Journal of Economic Perspectives from Economic Data Analysis alongside a"
gpt2_8,"counting marginalised children from the worst places

by Dr James Harding (Hermann Institute, 2005). It contains the following:

1. A survey of 1028 children and teens taken between 2004 and 2010 found a very high """
gpt2_9,"counting marginalised children. In that environment a child can easily become stigmatised until they attain high school graduation, and become unemployable in society. This makes for a vicious cycle of poor education; and child maltreatment does its best to reinforce what"
gpt2_10,"counting marginalised children and young people and children under the age of 12 to those aged 15 to 24 in their hometown.""

Mr Osborne says the government will continue to invest in child care, and ensure more children have access to public and private"
gpt2_11,"counting marginalised children, as well as those working in private social services and those not able to afford the legal service.""

However, the bill is unlikely to have a broad impact outside of a couple's income and poverty brackets, with the"
gpt2_12,"counting marginalised children are not likely to be involved in the research.

And many of the men and women who work long hours also have other issues, a researcher told CTV News today.

""I wouldn't say a lot"
gpt2_13,"counting marginalised children in schools where the children were at least 10 years of age were treated as if they were less than 10 years of age

Parents with children aged under 5 or more did not report child abuse and were less likely than parents"
gpt2_14,"counting marginalised children.

""We see almost 50% of the cases we've had over the years from young mothers who are single, a child who didn't have any resources at home, having children from foster care or adoption"", said"
gpt2_15,"counting marginalised children.

The government's ""migrant response"", as it is now known, has been that we should focus on resettling the children of migrant labour and in such cases this does lead to the government's deportation policies"
gpt2_16,"counting marginalised children for the rest of their lives.

Flynn had been promoted as an Mumsallet adviser and deputy head of cabinet in 2001 under Margaret Thatcher. But in 2002 he resigned in disgrace. In addition, his appointment"
gpt2_17,"counting marginalised children was almost as great when compared to other causes.

Professor Jonathan Brown noted in 2012 that children with ""high level of physical and developmental disabilities"" had three times as much in health as children of ordinary circumstances. ""However"
gpt2_18,"counting marginalised children, and all the things that they call life 'sane'.


""This is the way we treat people who are actually working in our communities.""

The charity launched the project after the government last month passed changes"
gpt2_19,"counting marginalised children in the world.""

""That was always what happened"".

""I mean, it's an issue in the UK where I spent my summers, I've spent my whole life. My mum died when I was"
neo_0,"counting marginalised children in a world where they are frequently told that they are nothing, or that they are not worth anything.

When we are children, we live in a world where we are told that we are not worth anything; that"
neo_1,"counting marginalised children as 'infiltrators' and therefore vulnerable to police brutality and the use of the law against them. In other words, the state is complicit even in the abuse of the law. The police are not accountable to the"
neo_2,"counting marginalised children as ‘others’ who are not counted at all

‘citizen’s arrest’

‘counting’, ‘recounting’, ‘rec"
neo_3,"counting marginalised children in the poorest household.

“Our work on these issues is important,” said Mr. Stiglitz. “I do not think we should take any joy from what the Chinese want to do with"
neo_4,"counting marginalised children, who will be pushed outside the gates of the family-centred social and economic model. We must use social and economic and political arguments to mobilise the broader working class throughout the world, and bring it back into the"
neo_5,"counting marginalised children, the second is to recognise their needs and to provide them with resources.

The problem with this approach is that the resources required may be different from what the child may need. Thus, the resources and supports required to"
neo_6,"counting marginalised children, we consider the number of other children in the household and their age and sex to determine who is eligible for the assistance. We do not measure eligibility because we do not know how many people in the household who lack the requisite"
neo_7,"counting marginalised children. But this is not to say that the world as a whole (and especially the most affluent sectors of it) is in any way ""anti-Semitic."" This is because the ""anti-Semitism"" that the ""exper"
neo_8,"counting marginalised children who make up 20-25% of the population in many states of India.”

And if the report is to be believed, the gap between rich and poor is widening even as people who ‘have it"
neo_9,"counting marginalised children.” The “children” in question are the ones who are currently in poverty, not the ones who might become so if the country remains poor.

One problem with this approach is that at the same"
neo_10,"counting marginalised children from the age of two.

""She was a little baby. We had to lift her up by the feet and move her on the floor so that she wouldn't sink, but she was very healthy,"" said Mr"
neo_11,"counting marginalised children from being killed in an incident, he would only bring about their deaths in a manner that would most surely result in them getting killed.

I have read the above comment. The writer is obviously on the opposite extreme from"
neo_12,"counting marginalised children. The result was a total population of 30 million. The city had only 7.5 percent of the population in 1972 before the exodus of people like my grandmother from East Java. It made the decision by the government, to"
neo_13,"counting marginalised children of colour—or ""brown kids"" in American parlance—who make up the majority of his clients. To be sure there are, and the numbers are large, but I think we have come to the end of a"
neo_14,"counting marginalised children for adoption is illegal. I don’t want to get into the complex argument about when you can and can’t adopt a child. This article is about the legal aspects of adoption.

You may have"
neo_15,"counting marginalised children and the women they want to marry. It doesn't have to happen, but it does.

As a white man, I'm sure that the last thing I want to hear is that black people are incapable of looking"
neo_16,"counting marginalised children for their contributions and participation.

The government has promised to amend the constitution to allow its citizens to opt out of the citizenship oath, but this has not happened because of the political resistance from pro-democracy forces within the"
neo_17,"counting marginalised children in a country with a very high number of child refugees per year.

The UK’s decision to grant the visa to the parents of the Yazidi children, who recently fled the conflict in Iraq to escape genocide"
neo_18,"counting marginalised children, especially of the most marginalised who lack access to formal education.

The following questions, which have been developed in three different directions by the authors (one of them being in collaboration with the authors and one with the"
neo_19,"counting marginalised children. We have also taken into consideration the experiences and needs of the indigenous and ethnic minorities. We have made these changes without compromising the principles upon which the reform was based, which was to give more power to the central state,"
