,6
keyword,diseases of poverty
clasification,No Poverty
gpt2_0,"diseases of poverty,"" Trump wrote. ""By putting pressure on Congress to act, people are saving and investing.""

Trump is expected to make history on September 30, during the annual gathering of the American Enterprise Institute in Washington D.C"
gpt2_1,"diseases of poverty is more about raising the quality of life in poorer people than improving their ability to access and use public services. As I highlighted in a 2013 report, poverty is the single biggest cause of disability, after housing, education, research"
gpt2_2,"diseases of poverty and inequality,"" such as poverty rates of less than half of those considered middle class, she said.

But her focus on the poor, as well as economic diversity in China, is not just about ""bust-"
gpt2_3,"diseases of poverty and insecurity, and the importance of strengthening social security to create meaningful work and educational opportunities.

The authors propose that, with the support of these measures, China will continue to improve its current state of affairs for social security"
gpt2_4,"diseases of poverty among the children of the poor. They are also less likely to believe that an educated professional teacher is going to ""learn"" about how to deal with poverty, while also avoiding the need for professional, paid employment to perform the"
gpt2_5,"diseases of poverty, a growing prevalence of gender work in many regions, and the need for higher education to mitigate gender disadvantages.""

For more than three decades scholars have argued that gender segregation contributes to poverty. In the 1960s and '"
gpt2_6,"diseases of poverty.""

A survey of U.K. adults that was issued Thursday, in relation to an overall survey of 3.5 million people, found that 56 percent of people with a ""healthy diet"" and ""nutritionist"
gpt2_7,"diseases of poverty of rural areas.

""There is an undeniable humanitarian need for food, water and livelihoods, but particularly for malnutrition-stricken villages in poor districts of northern Bihar in northeastern India,"" says the National Conference on Population"
gpt2_8,"diseases of poverty and the poor; and that the world's problems stem from too many different and complex factors. These factors would include the fact that poverty was on the rise, that world wealth has fallen, that the world's inequalities are growing"
gpt2_9,"diseases of poverty, illness, disease.

Census data show that among the estimated 1.8 million people living with HIV, an estimated 1.2 million have been diagnosed with the virus every year. Over 50 percent are women ("
gpt2_10,"diseases of poverty and inequality"" (1855). He believed that only ""the highest of the poor can get a fair price for what it produces...The richest may get what is best for them"" (1856).

Although it"
gpt2_11,"diseases of poverty, that are often caused by infectious diseases and other infectious phenomena: malaria, diarrhea, lung infections, and so on. In one recent study:

""… the overall prevalence of infectious diseases in the United States decreased from 11"
gpt2_12,"diseases of poverty"" under those whose blood is transfused, says Richard Levey in the British magazine The New Statesman. That is why any society that requires a blood transfusion will not be called a society like the one that has been"
gpt2_13,"diseases of poverty. All these were found to be under the control of the state; the peasants, peasants, peasants, peasantry, peasants and peasants for the most part were exempt.

How many countries in history have developed into a"
gpt2_14,"diseases of poverty across every continent and is the most successful economy in the world; and is the most productive sector in every region.

Mr. Chiang declared that the government could not afford to send soldiers in the fight against the terrorists"
gpt2_15,"diseases of poverty and exploitation. There is evidence that it is the people who suffer the least from the disease. Some of the most advanced hospitals in China have a waiting list for treating tuberculosis that is now on 10,000. For many years"
gpt2_16,"diseases of poverty and violence.""

A spokeswoman for South Carolina Governor Nikki Haley said the State Department was cooperating fully in this investigation.

""We are aware of ongoing efforts from the Department of State, a state-commissioned"
gpt2_17,"diseases of poverty and injustice.

The world as a whole has a hard time getting there, given the complexity of societies that are built on unequal growth. We can't continue to progress.

Read more:

Racial"
gpt2_18,"diseases of poverty, high unemployment, low income or homelessness, low pay or pensions, or lack of housing. In one of the most controversial parts of these cuts, in 2011, the U.S. House of Representatives narrowly passed the Lilly"
gpt2_19,"diseases of poverty, and thus reduce an already highly concentrated, almost complete population.

In a series of papers published in 1980, a team of sociologists, including Paul Ehrlich of Stanford University, Michael Guecho of"
neo_0,"diseases of poverty and health {#sec2-1}

The study findings suggest that there is a need to address the social determinants of health and ill health in addition to the current emphasis on disease prevention and health promotion. This"
neo_1,"diseases of poverty. Their children will grow up with no hope, no
prospect for the future, because they are deprived of educational
attainments and religious instruction. While many will be able to
learn a trade, there will"
neo_2,"diseases of poverty. By doing so, they will be able to provide basic services to all peoples of the world regardless of their financial means and to create an environment where everyone can freely give and consume the services that they need. By contributing to"
neo_3,"diseases of poverty, and to increase the participation of young people in education and training. The World Bank has focused on the role of youth in the transition from poverty to sustainable and inclusive growth through the Youth Guarantee in its Poverty Reduction Strategy ("
neo_4,"diseases of poverty and hunger that are endemic throughout much of Africa, and the world.



“We have no time to waste. We must act. It is not too late to get this right, we can do this together"
neo_5,"diseases of poverty.

We will provide you with the best options in order to help you with the search. You can choose from the following categories:

The best ways in order to get started with these searches are:

"
neo_6,"diseases of poverty and deprivation"" and ""the social determinants of health"".

So the first step might be to find something we already have. We have to find a phrase that already captures the problem and then work with that to develop"
neo_7,"diseases of poverty, of the poor, of those who are the most vulnerable, of those who are unable to fight because of their age, of women and girls, and of people who live in rural areas.”

“"
neo_8,"diseases of poverty, and I think that has been an issue very early on,” says O’Keefe. “I think that as we build with the state, it’s a question of putting together the parts that"
neo_9,"diseases of poverty,’’ he said.

As for a possible role for PEPFAR in AIDS, Dallaire said, “It is an area that needs to be discussed with the government and the international"
neo_10,"diseases of poverty
Category:Biological warfare
Category:History of indigenous peoples of North America
Category:New Mexico Territory
Category:Native American history
Category:Native American in the United States
Category:Pueblo tribes in"
neo_11,"diseases of poverty, the World Bank is working towards building a universal health care system for the world’s poor. Through the UN-backed Millennium Development Goal (MDG) program, the Bank has provided $800 million a year in"
neo_12,"diseases of poverty”. In addition, the WHO has been criticised for focusing its policies on developing countries, thereby ignoring the poor in developed nations.

“WHO has shown in recent years that it is more concerned about poor people"
neo_13,"diseases of poverty in the United States, we examine the role of race. We argue that poverty is a social problem with racial origins in the first half of the twentieth century, and that race is the primary determinant of poverty in the second"
neo_14,"diseases of poverty. This is a call for a more just and sustainable economy. It is a call for a better world where we live with dignity and equity for all.

We all face crises. We are all in this together."
neo_15,"diseases of poverty

In this month's issue of *Diabetes Care*, an article by T. F. Tsoi and J. T. Chan[@b1-npp-9-065],[@b2"
neo_16,"diseases of poverty and a high risk for HIV infection. In this area, the prevalence of HIV infection is the highest in the world. We have proposed a study to determine the immunologic response to pneumococcal polysaccharide vaccine against"
neo_17,"diseases of poverty and the poor.

**AIDS:** A virus that produces AIDS in its victims that can kill them through heart or lung failure. AIDS is the leading cause of death for black men in the United States.

"
neo_18,"diseases of poverty - this is the way we can break the cycle of poverty.”

This week the UN’s first ever ‘World Development Report’ has shown that when the poorest people are given access to the"
neo_19,"diseases of poverty** The disease caused by hunger and overwork, caused by poverty.

**cane** cane, stick, staff. Canes were used as weapons by the Inuits to spear animals, and as tools to dig"
