,8
keyword,education poverty
clasification,No Poverty
gpt2_0,"education poverty is rising, but it's not going away, so it should go in a hurry. Why should the average family stay in poverty too?

So why are you now saying that the minimum wage is the number one way of reducing the"
gpt2_1,"education poverty level in the area around the center of Seoul,"" said Khaosun Ilbo. ""The situation is still unstable, but the authorities have made it clear they will make an effort to take down this group's names. This includes the"
gpt2_2,"education poverty, a fact that needs to be carefully revisited and that must be done differently. It's a problem which must be brought to light.

The media have ignored issues like this for many years, and we need to get over it"
gpt2_3,"education poverty is one of the greatest human rights problems in the world. Its impact on poor people and its ability to reduce poverty is already being addressed.

In addition to the problems with the current policy, a large part of the work on climate"
gpt2_4,"education poverty is often not simply about low school entrance, but how people have access to job training.

What's happening

Poverty is the country's most important financial issue. The United States is the world's top emitter of welfare"
gpt2_5,"education poverty. A 2003 study published in Social Issues, Vol. 33, No. 1 (2001), p. 8, provides a number of interesting facts about poverty in Tanzania under conditions of relative poverty. Among the findings: The majority of children in"
gpt2_6,"education poverty and hunger. More than half of U.S. families lack access to adequate school meals.

A new study on family poverty by the Center for Poverty Policy, one of the most powerful groups studying family poverty in the United States,"
gpt2_7,"education poverty and poor access to education opportunities. These are the same groups who are underrepresented among children and students in the labor force, yet they are disproportionately the most vulnerable to racism and sexism, the only group represented by whites or Latinos.

"
gpt2_8,"education poverty, and it's just another fact of life that we cannot live that way. We need to start all over the globe and figure out how to keep going.""

Klombi said the group will be moving onto the final stages"
gpt2_9,"education poverty,"" she said about food access in Australia's remote communities, and poverty in the rural community. ""We are seeing the opposite of that.""

It also showed how the lack of adequate housing would lead to the increasing levels of crime and"
gpt2_10,"education poverty data for a given city is based on Census reports. Some of those who identify themselves as low income — those who were living below $20,000 and more than 70% in poverty — were not included in the Census survey. These included"
gpt2_11,"education poverty is not simply a matter of economics; it is also a fact of life on the streets of cities. Urban poverty is a social problem and often the outcome is not only of economic necessity but on a personal level of the human condition.
"
gpt2_12,"education poverty:

In 2013, 2.7 million children in the United States received government aid. This compares to 2.5 million children in other developing countries, about the same as children in developing countries under a similar poverty level to US families"
gpt2_13,education poverty that is a part of our criminal justice system now exceeds $20 million per year and most taxpayers are not getting affordable education for all kids. We've created a generation of Americans that are less capable of living and working than I have been and
gpt2_14,"education poverty"" to get around the law's requirement to take kids from poor families to a care system where they can receive more quality care.

Last month, the Trump administration issued a directive outlining ways that agencies could make it easier for states to"
gpt2_15,"education poverty in Africa, especially in the developing world.

There are five main lines in the work:

1.) Women under the age of 35.

The majority of girls (45%, according to figures reported by the European Council"
gpt2_16,"education poverty by using a tax on small business.

The Taxpayers for Common Sense Act includes $16 million to reduce state and local taxes on tobacco use, alcohol use, tobacco, tobacco plants, tobacco smoke, tobacco products, tobacco in tobacco"
gpt2_17,education poverty: The 'New Hope' story — the narrative of America's long-cherished moral and political traditions — is one of the most remarkable stories from the 1950s. It represents the last generation of Americans to take seriously two distinct political questions
gpt2_18,"education poverty is on two levels - the reduction of the overall poverty rate and an increase in the social safety net.

The United States is one of only three Asian countries in Europe that makes much of a positive contribution to the per capita poverty reduction"
gpt2_19,"education poverty has increased and inequality has increased. There are many, many people who struggle to find jobs because their pay or conditions will become worse or because they will not be able to afford to take high-risk, risky routes, and those with a"
neo_0,"education poverty** : The percentage of persons with a below-poverty-line income above the official poverty line.

**_Poverty lines_** : The minimum income levels established for a given set of families or communities. Some states set"
neo_1,"education poverty, and income inequality.

The poverty rate for children in the United States is over 16 percent, the highest among all high-income countries. The U.S. government has declared that it is a “nation of opportunity."
neo_2,"education poverty, and (5) gender dynamics.

### Data

Information on the four demographic characteristics used in the analysis—income, parents' education, parents' and children's sex, and family type—are drawn from the 2010,"
neo_3,"education poverty” as a result of the tax cuts. The study shows that families with incomes of $50,000 or less have seen a 22 percent reduction in their after tax income while the wealthy families of $1,000,000 have seen"
neo_4,"education poverty in the United States."" ""I do think, though, as a society, we're coming to a point where we really want to move towards solutions and solutions that I think are more positive."" ""I still believe that a person should be"
neo_5,"education poverty levels, there has been and continues to be a general and growing sense of alienation in the nation. In the new decade of the 2000s, the percentage of adults living under the poverty line has risen to 40.2 percent, compared to"
neo_6,"education poverty

Educational poverty is an economic status that defines a person as economically and educationally impoverished, or in other words, as poor. Educational poverty can be caused by various factors, such as family background and educational level.

According"
neo_7,"education poverty, or a situation in which some form of “opportunity inequity” is experienced,” the report said.

The study cites California, where the annual cost of incarceration exceeds $80 billion, as a state"
neo_8,"education poverty and the impact of race in America: a synthesis of the findings from the Pew Charitable Trusts and the Robert Wood Johnson Foundation-Brookings Institution Study. The study is the first to document the degree of disparity in wealth within racial,"
neo_9,"education poverty

Children have not always been held in high enough regard by society. The first few years of their life are often marked by lack of resources which could be employed in activities which can make such children happy or safe, such as: play"
neo_10,"education poverty index

What Does The Growing Social Divide Mean For Our Future?
How does this divide work?
What happens when poverty hits?
What happens when inequality rises?
What happens when both grow?
How do we help?"
neo_11,"education poverty for kids in low-income communities

At the first meeting of the New Jersey State Coalition Against Child Hunger and Homelessness, we learned about childhood hunger and homelessness through a video presentation.

The state coalition is a community-based"
neo_12,"education poverty as a measure of the quality of care for patients with physical health problems who are covered by health insurance. The study also showed that out of all the variables examined, self-care was the greatest predictor of patient satisfaction. For some variables,"
neo_13,"education poverty

The definition of poverty is often cited as being limited to the number of people living under the poverty line, which only refers to those living on less than $1 a day. But what about those above it?

Poverty"
neo_14,"education poverty in a region where 80% of the population lives under the poverty line.

On the whole, the government has spent less than half of its annual budget of $8.8 billion. As this budget is set to expire, it"
neo_15,"education poverty."" They do not want to give their children
money.

They want
to give to the politicians. They want to be able to buy their way.

So, they
give to the politicians and vote for the politicians"
neo_16,"education poverty and inequality.

According to this graph, the poverty rate has crept up over the years and the gap between rich and poor has increased. The poverty rate is currently 12.3%, with the gap being widening.

Now,"
neo_17,"education poverty in the state,” said Matt Haney, deputy vice president and director for the Center for Public Service.

“It is so important that we not view people as just the statistics,” Haney said. �"
neo_18,"education poverty.

The data that I have been collecting for three years show that many high-school students have access to the most basic materials of education, are learning the basics of reading, writing and arithmetic, but that many have difficulty accessing a"
neo_19,"education poverty is no reason to give up education altogether,” he said after his remarks on Wednesday.

“We do know that the more educated people are, the better people are for the economy. It is not to say that all"
