,9
keyword,educational poverty
clasification,No Poverty
gpt2_0,"educational poverty rates; and, in one analysis, the use of an abortion during pregnancy led to a rate of abortion-related violence. In the 1970s, the United States experienced a period of growth and a significant decline in incarceration of women who"
gpt2_1,"educational poverty in that it could have been done by an open and inclusive political process or by the government taking this position,"" Mr Heng told a conference in Geneva.

It is the first time the government has called on the IMF to step"
gpt2_2,"educational poverty, which was defined as the greater amount of money that young people received in school, in their social development. (A more recent analysis shows that between the 1960s and the early 1980s about 70 percent of poverty-levels in poorer"
gpt2_3,"educational poverty is not enough. Our social media tools could help foster greater awareness and action against bullying, exploitation and other problems, by building a resilient internet community (through social media-based media engagement, by developing online media strategies and platforms that allow"
gpt2_4,"educational poverty. These effects may be associated with socioeconomic status or gender, but have not been examined separately. Furthermore, the associations have been less clear for the socioeconomic status and gender of mothers. The majority of epidemiologic studies, however, find"
gpt2_5,"educational poverty,"" was a symptom of an earlier tendency toward a ""higher degree of financial inequality,"" according to the new survey, that reflects the ""longer-term effects of financial stability.""

That trend also emerged in previous studies (like"
gpt2_6,"educational poverty is so acute that the program is ""only"" about half the size of private school vouchers. It spends around $6 million a year, more than half of which goes toward child welfare and to social assistance. It also spends close to"
gpt2_7,"educational poverty, which is the direct cause of health care reform. That's the case, however, with Medicare itself. The government is only spending $6.6 billion of federal money per year, and that's down from the $9."
gpt2_8,"educational poverty, but with no children.

And there are many schools where it's not that simple. That's what has happened to thousands of kids here and around the country who are getting into those schools. It's not just with school"
gpt2_9,"educational poverty levels.

The US Department of Education, in its report on the country, recommends that children be served with high educational standards. This was introduced by Barack Obama in his 2008 presidential campaign.

The Education Department has a list"
gpt2_10,"educational poverty in the U.S.-Australia region.

One of those findings was that, since 2006, child poverty in the region has grown by about 2 percentage points, meaning that an average of two years of school for a person living"
gpt2_11,"educational poverty, which has grown from just $28 to $59 a month in 2015, and still has more than 5,100 children in care.

While education is an important part of providing a basic living, it should be a way"
gpt2_12,"educational poverty, the poorest kids in this country suffer more. In 2000, nearly 85 percent of those aged 12 to 25 were living on less than $23. An American mother who earns less than $35,000 a year gets less than a"
gpt2_13,"educational poverty.

The research project, which was part of a collaboration between the Centers for Disease Control and Prevention, the U.S. Fish and Wildlife Service, the National Institutes of Health, and Johns Hopkins University, could help solve this"
gpt2_14,"educational poverty. On the other hand, if the study showed that children who had the same parent status as the lowest socioeconomic level did not contribute to the risk of death from suicide within 5 years of adulthood, then those who lived in poverty should take"
gpt2_15,"educational poverty has resulted in ""over-indebtedness."" In 2007 in Detroit, under the leadership of Dr. Richard A. Klein, the city and its leaders created three emergency liquidity accounts, an ""affinity fund""; a ""community-"
gpt2_16,"educational poverty.

In this study, we analyzed two cohort studies, one in which participants were enrolled in a residential school program (WUSA) and enrolled in programs of the same number of years to receive subsidized health care (HHS)."
gpt2_17,"educational poverty. The paper has been updated by the Institute for Government Accountability, which analyzed nearly 3,800 pages of the agency's files.

The agency's annual poverty report found that about 50,000 U.S. children and adolescents"
gpt2_18,"educational poverty."" (p. 585) [emphasis added] ""Not all of the individuals in question were white, and, so far as the state law is concerned, the vast majority, by contrast, were African-American and Asian immigrants"
gpt2_19,"educational poverty is also being addressed.

""We will be speaking to community leaders and civil society organizations, community partners,"" said Margo Harris, MFA's chief of staff. ""Because of all these things that lead us to this position"
neo_0,"educational poverty', _Publications of the Cambridge Philosophical Society_ , Cambridge: Cambridge University Press, 1963, vol. 10, pp. 1–31.

— (ed., with A. T. Mahan), _The Writ"
neo_1,"educational poverty gap. For each of these six schools, we matched students on: (1) the students' racial identity, (2) whether they were eligible for free or reduced price lunch (FP/RL) in the school and (3"
neo_2,"educational poverty-reduction programs in the United States has increased from $2.5 billion in 1989-90 to more than $33 million for fiscal year 1999-2000. As poverty continues to widen gaps in income and educational attainment persist, children"
neo_3,"educational poverty"" was an important factor, with a strong association with food insecurity. Children in lower-income families are disproportionately likely to be food insecure \[[@CR32], [@CR33]\]. As the primary provider of food to"
neo_4,"educational poverty,  .

""Farewell,"" _Crisis_ , March-April 1954, p. 7.

""The future of the world is in the hands of the child,""  .

""Fare"
neo_5,"educational poverty

The term educational poverty has been used in educational circles to describe a lack of access to education resulting from financial barriers, or being unable to afford the costs of education. It is described as a problem of educational inequities in the"
neo_6,"educational poverty_ ) _,_ –

education

_Einstein's Dreams_ (Jaspers),

Einstein, Albert (scientist), , , , ,

_Encyclopaedia of Philosophy, The_"
neo_7,"educational poverty' means, as we explained in our review of the literature, the combination of inadequate nutrition and inadequate sanitation and other basic health care that puts children under the age of five at risk of dying prematurely. Such a combination is most common in"
neo_8,"educational poverty measure of $35,001 for each student in kindergarten, and $40,000 for each child in first grade.  After the elimination of certain tax breaks for the higher education of teachers and the higher cost of education, the cost"
neo_9,"educational poverty relief

This section is used to educate on the definition of educational poverty (more about this definition later in the text.)

The United States has an educational gap. More and more students are going to school only to get a"
neo_10,"educational poverty of the poor,
in a land where it is called ""uneducated,""
and that the people who have learned the truth
of the Gospel will have an opportunity
to spread the Good News and share
the blessings of the"
neo_11,"educational poverty

In many communities across Canada, poverty is perceived as being caused or at least exacerbated by the education system.

There are a number of reasons for this perception, which include the fact that poverty often is perceived as being caused"
neo_12,"educational poverty,” has been a big factor. The percentage of children under the poverty line has dropped from more than 18 percent to about 14 percent in the last 20 years, according to the Census Bureau.

To put that in perspective"
neo_13,"educational poverty, and the fact that the poverty rate for Americans of college age has increased over the past several decades. The percentage of low-income Americans declined from 20.5 percent in 1970 to 9.5 percent in 1994.

In"
neo_14,"educational poverty.

At the top of the class list is Washington State University, as the best public university in America in four categories:

Teaching & Learning: The WSU professors rank seventh among all 4,700 U.S"
neo_15,"educational poverty.” That was true in 1877, and again in 1978.




Bryant and the other advocates for educational reform were driven less by
enthusiasm for education than by the fear that any reform which ignored"
neo_16,"educational poverty,

school lunches:

education inequality and, ,

food insecurity, , , ,

homeschooling and, –,

prisons and,

schools and, , ,
"
neo_17,"educational poverty"" and the ""moral hazard"" of those who have an insatiable appetite for new drugs are two of the most prevalent arguments against legalizing cannabis. These rationales ignore the real danger of the drug market: that it is unregulated,"
neo_18,"educational poverty' in British English, _A Year in the Life of a Homeless Child_ (London: National Childbirth Trust, 2008), p. 20.

* * *

The following discussion of what life is like for homeless"
neo_19,"educational poverty, and a sense of powerlessness. Although the parents in both cases had ""the best of intentions,"" what ""had gone wrong"" with their children was the lack of any consistent, systematic, and purposeful effort by the school system"
