,12
keyword,extreme poverty
clasification,No Poverty
gpt2_0,"extreme poverty rate of over 40% and the number of households in poverty are expected to increase by more than 50 percent over the next decade.

The report warned that the country was likely to lose a significant number of people each year as a result"
gpt2_1,"extreme poverty-conscious people will not hesitate to help them. In this situation, many of the women who have chosen to become mothers will take a leadership role in the community. These women are now the only ones who are able to serve in the community"
gpt2_2,"extreme poverty. And there is a good chance my daughter could live in poverty or be a little bit poor.""

The United Kingdom is one of the richest advanced nations, with an estimated $1.4 trillion in real estate and investment. In"
gpt2_3,"extreme poverty"". It said that it is impossible to avoid the threat of unemployment by keeping on growing in an attempt to meet rising spending and tax revenue.

Labour said there were a number of risks in cutting a key aid lifeline

The"
gpt2_4,"extreme poverty to the poorest.

The same was true in 2012, when, due to Hurricane Katrina and rising seas, the number of people in poverty grew from 24 million to 64 million. More recently, in 2015, the number of living with"
gpt2_5,"extreme poverty and hunger and poverty in communities. These findings reveal that community involvement in community health initiatives can have positive long-term long-term health outcomes, both by reducing stigma about poverty, building trust and reducing stigma against the poor. Community participation in"
gpt2_6,"extreme poverty in North America. The National Human Rights Project analyzed data from a survey of nearly 1.1 million people living in the U.S. and found that some 1.1 million of them were living in poverty, on average, every single"
gpt2_7,"extreme poverty in recent years. (Guns and Violence, p. 14.)

""In the United States of America, the poor tend to be more likely to be poor,"" says Poyser. ""Not only do these poor people tend"
gpt2_8,"extreme poverty are the result of the state subsidizing these groups through tax credits, as well as through public subsidies such as ""pass-throughs"" for homes and businesses. And while some of the groups may still hold onto one or both of them"
gpt2_9,"extreme poverty"" of the US.

""We're trying to figure out what is going on and how to implement a plan for addressing the problem. A new framework is a big possibility.""

The group said the UK must adopt a '"
gpt2_10,"extreme poverty rate, the proportion of total employment in which men, but also women, are unemployed, is about twice as large as the proportion of their former labor force that had no other job available, or nearly three times that of a family of four"
gpt2_11,"extreme poverty and rising health and housing costs.

For more, we've reviewed past studies on how climate change could have had a negative impact on human health, such as those presented by the World Health Organization, the US Centers for Disease Control and"
gpt2_12,"extreme poverty in these country which is about 75 per cent of people. It is about 2.5 billion of whom are either non-immigrants, asylum seekers, former refugees or migrants from countries with which the UK has a deep economic relationship.
"
gpt2_13,"extreme poverty level, but its higher annual rate of more than 10 percent has been falling. The rate is more than 1 in 3.8 million for low-income families.

""There's been one of the biggest cuts of this kind,"""
gpt2_14,"extreme poverty, where people have no means of securing their homes, and where children have a very low prospect of survival.

Advertisement Continue reading the main story

Yet many of the country's poorest are also victims of some form of poverty."
gpt2_15,"extreme poverty rates in Bangladesh, but it is unlikely to be too much of an exaggeration. Bangladesh is still one of the poorest countries in the world, and according to the World Bank, the real world poverty rate is over 10%. It is easy to"
gpt2_16,"extreme poverty.

And now we know why. The first study in the American Journal of Developmental Science, conducted by the University of Chicago, examined child poverty rates on Census data in the 1970s and 1980s, taking into consideration the fact"
gpt2_17,"extreme poverty, and that there isn't a lot the economy can do."" [1]

Even more shocking, the OECD is not as clueless about the extent of these challenges as you might expect. In 2009 the agency noted that many low-"
gpt2_18,"extreme poverty that threatens to submerge the country by 2025 has failed to change.

The number of people living on less than $16 per day has fallen from a high of 8.5 million in 2000 to about 11 million this year.
"
gpt2_19,"extreme poverty reduction efforts by the U.S. and its partners abroad and a new mechanism for economic growth. The initiative will also offer low-cost financial options for countries that are facing severe economic problems.

""All countries will have to look"
neo_0,"extreme poverty, 1.1% of the population) and the rest 1,250,000 (1 in 14,200) lived in absolute poverty.

Religious People

A large percentage of people in Bangladesh have a very low level"
neo_1,"extreme poverty. The following quotation explains how these people live.

""It was my grandfather's dream to return to the countryside and live near a river, in a flat with a good garden, and have enough for bread and butter, and maybe"
neo_2,"extreme poverty, to be able to get on in life, is a lot of luck. A lot of luck.

I know, you're saying. Why do you always have to make excuses? It's not my fault I'm poor."
neo_3,"extreme poverty line” was established by the Census Bureau.

Today, more than half of Americans live below the official poverty line, defined as an annual income of $24,050 for a family of four. The report shows how in 2005"
neo_4,"extreme poverty)

This article is more than 5 years old

This article is more than 5 years old

A US judge has temporarily blocked the Trump administration’s plan to reduce food stamps for nearly one million low-income households"
neo_5,"extreme poverty and social exclusion. When they make up a majority of the country, they will have much more in common with the country’s majority population than they will have in common with the 1 per cent or the 2 per cent.

"
neo_6,"extreme poverty line (EPFL). In the next section, I will describe our first objective: developing a multivariate regression model for predicting whether a child will fail to meet his/her EILC. In our third section, we will then determine"
neo_7,"extreme poverty” and unemployment.

The only country in the EU with the lowest labour participation rate is Bulgaria.

The Netherlands has never been the most-industrialised region of the EU. The industrial share was 15%, the lowest in"
neo_8,"extreme poverty,” and many of these “included the children living in the poorest parts of the world,” the World Bank Group, the United Nations Children’s Fund, and other international organizations. The goal is to help"
neo_9,"extreme poverty threshold, that is, the minimum income needed to meet basic needs. The poverty threshold refers to the minimum income needed to support a basic standard of living, to enable people to access health services, education, and social protection for their families,["
neo_10,"extreme poverty line (PPL), \$2.90)

[^1]: Academic Editor: Rui Zhang

[^2]: Note: The full list of variables and the corresponding references in this article can be found in ["
neo_11,"extreme poverty line, *DV* dependent variable, a measure of self-rated general health, which was derived from answers on a question about the presence of chronic diseases and disabilities and whether they caused limitations in usual activities.[@r28]
"
neo_12,"extreme poverty and an average of $3.20 per day for food.

“The government’s move to reduce the minimum wage will have immediate and far-reaching impacts on the food purchasing power of many low-income groups,"
neo_13,"extreme poverty"" but this isn’t actually a poverty line. The United Nations defines poverty as having less than $1.90 per day for a family of four. Here’s how you can get an idea of what the poverty level"
neo_14,"extreme poverty. He was also a member of the National Committee of the League of Nations Commission on European Economic Cooperation.

Bosnia and Herzegovina
During World War I, Bosnian Serb leader Ante Pavelić created"
neo_15,"extreme poverty', then poverty is 'absolute poverty'.[1] The US definition of poverty is to be measured relative to 'the lowest common denominator of consumption'.[1] And relative poverty is defined as the percentage share of income that goes to"
neo_16,"extreme poverty' for most of his adult life; a life defined by his own
genetic weakness and his own personal tragedy. These are the reasons that
made him such an outstanding public speaker, in his own words:

""I like"
neo_17,"extreme poverty, as measured by GDP per capita, has increased slightly in Egypt, from 37 percent to 40 percent in 2010, whereas it has declined globally, from 27 percent in 1970 to 14 percent in 2010.

The UN estimates that 1."
neo_18,"extreme poverty.

The city of Houston, through its Public Health Department, now has a $4.5 million program which has been designed to provide the kind of treatment which the doctor described; some of these services are for people living in conditions"
neo_19,"extreme poverty index (HPI) as the measure of absolute poverty. The HPI measures the depth of a person\'s material disadvantage using six indicators: age, sex, ethnicity, disability, education, and occupation \[[@B2]\"
