,13
keyword,global poverty
clasification,No Poverty
gpt2_0,"global poverty with its share of global poverty attributable to the effects of poor infrastructure or public safety infrastructure, and it shows no evidence of widespread and pervasive health and mortality-preventable outcomes that would be expected in a globally warming climate. The finding of"
gpt2_1,"global poverty, or perhaps even even poverty. Or worse: The country is on the verge of recession.

No matter which country, I would feel guilty if this country was considered a ""red"" country. But the truth is that we are"
gpt2_2,"global poverty rates, with the US dollar hovering higher than those of much-expressed Latin America, are all of a kind -- albeit at the expense of an increase in a number of the world's poorest households.

When Obama took office in"
gpt2_3,"global poverty.

'The EU is deeply indebted to Russia for its role in stabilising the economy', says Dr David Wark, the head of Migrationwatch's London centre-left group.

'However, their financial support for Russia"
gpt2_4,"global poverty, it can be difficult to draw firm conclusions.

'If you go to the statistics which are being presented, that's what you see,' said Michael Ariely, a professor of economics at Northeastern University.

Last"
gpt2_5,"global poverty of 9 million people, where its highest figure was found,"" reported the New York Independent the same day.

""There are a few areas where the poverty rate is high, and in some cases the entire U.S. would be"
gpt2_6,"global poverty was at record highs. In fact more than 3 billion people were homeless or in emergency shelters across the globe last year — more than the entire combined adult population of Germany and Sweden combined, and about 20 percent of the world community.""

"
gpt2_7,"global poverty.""

He added that the United States had to face rising international pressure to ""ensure that you're not going to get involved in any international politics or politics in these countries.""

""We have to live this way if these"
gpt2_8,global poverty that exists in this country and that is now at its highest level in two decades. The first is the extreme fiscal deficit: $18 trillion in spending cuts over the coming year. The second is a widening deficit: it is growing by $
gpt2_9,"global poverty"", the only way out of this crisis, she said. ""I want to do everything in my power"" to support young women and other vulnerable individuals who are affected by the crisis, but as it stands now, she said, if she"
gpt2_10,"global poverty. But it won't necessarily end up with someone falling behind, as an international community would have us believe.

The UK's position is more nuanced. It can see its poor as ""the only people in all the world who have"
gpt2_11,"global poverty"" of his youth. He describes himself as ""a young man who is more mature, in the way you can put it,"" according to Politico.

But this isn't some joke. In fact, the billionaire is in fact more"
gpt2_12,"global poverty of one million Palestinians in the Palestinian territories, where Israeli policies have resulted in a worsening of the conditions for their survival and the consequent reduction in their ability to obtain food and water, have significantly damaged the living standards of Palestinian refugees.
"
gpt2_13,"global poverty with its highest proportions from 1965 to 2000. This trend has led countries to seek drastic and costly reductions for their share of global poverty—or no poverty at all, at all.

Since 1980, global poverty is increasing at an alarming"
gpt2_14,"global poverty rate has been falling for a few days, but its lowest ever.

""There's been a significant drop in the number of babies at the hospital in recent years,"" he told Sky News. ""The average age of first delivery at"
gpt2_15,"global poverty levels are about to come to an end. We want to be part of it,"" Stigler said Thursday on KJRAM.

Stigler is co-chair of the South Carolina Economic Development Commission. Stigler is"
gpt2_16,"global poverty. It appears, for example, that the average annual rent tax on the national average worker is about four times higher than the national average. In fact, the average wage at the moment is about twice as high as in the 1990s."
gpt2_17,"global poverty"", which the Obama administration has used to portray as the global crisis which is killing more of the middle class and the poor. Even the president himself has called for such a global emergency. How is this possible, and why does the world not"
gpt2_18,"global poverty,"" as she described it to her colleagues at the UN Human Development Program at UNICEF, in the last months of the year.

The UN report, The Climate Crisis Is Changing our World (2001 or 2013), which examined the"
gpt2_19,"global poverty has gone down dramatically since the crisis, the share of the total population that will be poor or very poor now exceeds 50 per cent.""

""That's going into decline so fast,"" explained Benoit Fink of the think tank M"
neo_0,"global poverty” in the first place, it is the real poverty that is to blame for every single one of the horrors that are reported about the world. And by real poverty, I mean the poverty of the mind, not the poverty of cash"
neo_1,"global poverty' and 'human development' to describe more clearly what we are advocating on the basis of those principles.

The Commission's programme of work, _The European Year of Poverty and Social Exclusion_ , is designed more with a view"
neo_2,"global poverty and the world of work.

I am grateful to all those people who have supported me so far and who are supporting me over the next few years. The book is a work in progress still, but with the help of those who"
neo_3,"global poverty is also less likely and it only ranks as the second most
important problem facing Africa's poor after HIV/AIDS.[27]

[27] In addition to its high fertility rate, Egypt has a very low
life expectancy."
neo_4,"global poverty.

""It would be an interesting experiment by a state to measure poverty by the number of vehicles in each of the 25 wards of a city, or to monitor the number of citizens entering each of its 25 health facilities on a day"
neo_5,"global poverty, the World Bank’s World Development Indicators shows that, in a number of countries across Africa, one in six children are in poor or very poor health. The United Nations has documented a number of health impacts that poverty is having"
neo_6,"global poverty' as a political act rather than as a moral one. His book _The Closing of the American Mind_ includes a chapter on the emergence of 'postmodernism' as a movement that challenges Enlightenment morality, and the modern world with its"
neo_7,"global poverty and inequality by focusing on the distribution of income rather than the income generated by the rich

3) Reducing global poverty through education, particularly for girls, children, adolescents, and women

4) Reducing global poverty through income"
neo_8,global poverty are not the same. The United Nations provides a rich overview of the difference. It notes that the poverty rate among women in India is 23.3 percent as compared with 18.0 percent for men (the highest in the world). India
neo_9,"global poverty in the world, or indeed of poverty in Africa.

In this book we are seeking to bring together the literature on “social capital” in Africa and to make it accessible to a wide readership. Our aim is to"
neo_10,"global poverty, but rather an increase of the poverty rate.

A:

The problem with your analysis is that you need the poverty rates for a lot of countries and times just to get up to the poverty line. Some of those countries"
neo_11,"global poverty and hunger

This page is having a slideshow that uses Javascript. Your browser either doesn't support Javascript or you have it turned off. To see this page as it is meant to appear please use a Javascript enabled browser.

The"
neo_12,"global poverty. I do not think that the poor in this country are “gifted” or more intellectually developed than people in other countries, it is simply that the poor are more likely to be victims of economic inequality and discrimination, just as"
neo_13,"global poverty” and “vast inequalities in wealth and income” that have “no parallel anywhere else in the world”.

I have made the point over numerous years that the U.S. is one of the"
neo_14,"global poverty and social exclusion. They have not been able to solve these problems because they have not had the political will to do so.

The most difficult problem of the moment is the rise of the far right, which is the direct result of"
neo_15,"global poverty and inequality in the UK. “This is why I want to see the Scottish Parliament become the political home of the working class,” she added.

The ruling Scottish National Party (SNP) has historically been opposed to"
neo_16,"global poverty” of today.

By the early 1990s, an emerging public discussion about the role of the state, especially its coercive function, in regulating and controlling economic, environmental and social systems emerged in South Africa, Bolivia, and Peru"
neo_17,"global poverty index).

For comparison, in 2011, more than 25,000 students at about 500 schools got a C or lower, and about 1,400 received the D or worse, while a little more than 1,000 students got between"
neo_18,"global poverty and the need for solidarity. The third will be how to respond to the economic, social, environmental and political crises of our time. The fourth is about the politics of religion. Some scholars will study how religious traditions and groups in different countries"
neo_19,"global poverty, it's not just the right to a fair shake—it's what we must look forward to.""

The last decade has certainly been a rough one for those seeking to achieve their dreams. Yet there are signs that things are finally"
