,14
keyword,growth and poverty reduction
clasification,No Poverty
gpt2_0,"growth and poverty reduction.

The latest round of reports on the growth of the European Union (EU) have shown a strong shift in the view that it is time to reduce taxes on the people of other EU member states. This reflects the European"
gpt2_1,"growth and poverty reduction.""

He added: ""That also gives us the context that we're not living to meet [the] promise of a healthy climate.""

Tajima said EU-imposed climate action will continue in order to curb"
gpt2_2,"growth and poverty reduction is not only a factor, it is its defining human achievement.

It's also essential that every Australian must have a decent education. That is not only the Australian's most basic task, it is also one of the most"
gpt2_3,"growth and poverty reduction are now in fact the only way to achieve all these goals,"" she said.


The government said in a report about the measures, which come after it imposed a minimum quota last October, it was prepared in principle to use"
gpt2_4,"growth and poverty reduction by increasing the food stamp program in the United States. While there are significant environmental, economic, and health benefits to increased food stamp participation, many of these benefits do not seem to have changed much since a 1994 health care reform proposal"
gpt2_5,"growth and poverty reduction? What changes would be required to maintain the growth rate of the U.S. economy or if any such changes are to occur?

What changes would be required to maintain the growth rate of the U.S. economy"
gpt2_6,"growth and poverty reduction are a huge part of what a successful economy does.""

Read or Share this story: http://azc.cc/2pE2qFI9 . Send this to your friends: http://azc."
gpt2_7,"growth and poverty reduction, even if a more modest budget does not produce more employment by 2020. But more must be done to reverse the long-term decline in the level of debt that is now part of the normal financial health of the world, which"
gpt2_8,"growth and poverty reduction are key to the economic and social well being of disadvantaged black men, black women and poor women. There is also ongoing research into race and gender in many areas of the world, but it is difficult to find a single study that"
gpt2_9,"growth and poverty reduction. As the data are collected by different agencies, and different groups of individuals, many patterns emerge.

While it is not clear what they mean, the current patterns appear largely to be linked to higher living standards. Although the"
gpt2_10,"growth and poverty reduction

We call on the Federal Government to:

Immediately suspend the $12.7bn US aid package set out in that agreement

Stop the internationalisation of our arms exports;

Regain control of"
gpt2_11,"growth and poverty reduction to a level that will be sufficient to combat future disasters.""

For the past four decades, the United Nations Population Fund has been spending about $4 billion every year to prevent the majority of deaths in developing countries and low-"
gpt2_12,"growth and poverty reduction.

The second major problem for the IMF is that global banks have become increasingly involved in the financial system. The government says that it will make ""significant reductions"" in banks by 2017. How many banks do we actually need"
gpt2_13,"growth and poverty reduction and social security as primary priorities and priorities for growth and prosperity in the coming years.

A recent analysis by the Brookings Institution found that economic growth would take the nation, not just in growth but in prosperity.

"""
gpt2_14,"growth and poverty reduction and improved food security.

""We look forward to delivering on our pledges and continuing to expand our network of public health and life skills training opportunities in every city in Wales and beyond,"" said the Secretary of State for Health,"
gpt2_15,"growth and poverty reduction. Even before the recession, the median household income had reached over $10,000 per year with benefits for two and a half years, and in the eight years since the recession had fallen to above $10,000 by the"
gpt2_16,"growth and poverty reduction. However, other indicators from the OECD suggest that the decline in GDP per capita is still relatively small. Over the past decade, in fact, incomes have declined about six percent more than they have in the past. It is important"
gpt2_17,"growth and poverty reduction, a focus on health, a recognition that many of the world's most vulnerable young people will ultimately need their futures to be made a little better — it just isn't a story that continues on to one year mark.

"
gpt2_18,growth and poverty reduction; (5) that he could have saved $100 million upon his discharge from prison to help address the issue of homelessness; (6) that he would have saved $60 million upon his discharge from prison to help address the issue
gpt2_19,"growth and poverty reduction has been described as ""the worst of both worlds."" As one critic described it,

[Wyoming Public Service] workers are at a 'virtual tie-up' with public officials in their cities after being told a"
neo_0,"growth and poverty reduction, and so on, is a matter of human health and human rights issues.

In the US, many people and governments want to see a universal health-care system. Such a system is likely to be politically feasible in"
neo_1,"growth and poverty reduction

The following is an example of a family-focused intervention. It is described in terms of what the family can reasonably be expected to do and how it can be measured. It has been developed during the course of my work"
neo_2,"growth and poverty reduction, said that the “economic growth of the developing countries cannot be achieved without investing in education and health. To achieve this, every country must have access to affordable education and health care.”

In a speech delivered"
neo_3,"growth and poverty reduction programmes.

The idea was to make it easier for people to apply for food rations and to get through to the various distribution points at the centres.

“I don’t know how many people have"
neo_4,"growth and poverty reduction is a great investment that pays for itself. And no, it does not pay for itself just because the price tag is so impressive and no one can accurately predict the amount of growth we could achieve with this program. The real question"
neo_5,"growth and poverty reduction is vital. Achieving this will mean addressing some of the underlying issues that prevent some farmers from being productive.

However, these solutions should not be applied in isolation. Success depends on a combination of the different elements,"
neo_6,"growth and poverty reduction programs.

The program was launched in partnership with the Global Fund but is not controlled by the International Monetary Fund or World Bank. Its main donors are the European Union, Japan, the US, the UK and Norway.
"
neo_7,"growth and poverty reduction strategies.

The government’s current strategy for rural areas under the National Rural Development programme envisages that all government-owned land should be handed over to either local governments or to individuals or community-based organisations (C"
neo_8,"growth and poverty reduction.

There are three different types of agricultural land in the city:

Public Land, which is shared by all citizens and which has a public or non-profit owner. This land is private property and is not subject"
neo_9,"growth and poverty reduction. It’s a tough and painful battle that’s often overlooked. But just because we don’t hear about it, think about what’s happening in Yemen: The world’s poorest country"
neo_10,"growth and poverty reduction.

A new study, ""Women and the Millennium Development Goals: A Gender Perspective,"" released recently by the Population Reference Bureau, provides an overview of the status of women in development across the world.

This report is"
neo_11,"growth and poverty reduction, they are the only institution in
the world with a direct hand in the production and distribution
of food. For this reason, this organization has been called upon to
take the lead in the battle for the new international order"
neo_12,"growth and poverty reduction programmes can be implemented on a massive scale, reducing inequality and giving the poor access to decent food, basic health and education.""

Mr Barroso also backed proposals for more European aid for the developing world.

EU"
neo_13,"growth and poverty reduction programmes that contribute to the realization of the human rights of the local community, of all people with regard to land and natural resources and that, by their own example, contribute to the development of the human potential of their host population."
neo_14,"growth and poverty reduction in the region.

The international community has made huge progress in tackling the root causes of inequality, poverty and environmental deterioration. Yet there are still pockets of inequality and poverty in many of the world’s largest economies,"
neo_15,"growth and poverty reduction through rural development.

The United States will not accept any international financial assistance. The decision to cut off foreign assistance to Somalia is an entirely unilateral action by the United States. Any assistance from international organizations will therefore be cut off"
neo_16,"growth and poverty reduction.

“We have to reduce the number of children dying from diarrhea every year to zero. Without reducing the number of deaths, we can’t reduce the number of people living on less than $2 a day"
neo_17,"growth and poverty reduction, and they need to be properly financed.

The International Monetary Fund has been at the forefront of the international response to the crisis, which is rightly seen as structural and structural adjustment. When the IMF is faced with a financial"
neo_18,"growth and poverty reduction."" In addition, in order to further the social and political involvement of women, the report recommended that the National Plan of Action (NPA) for Women, Child, and Disability be completed by July 1999. The NPA was"
neo_19,"growth and poverty reduction, especially in the context of the world's most populous country. The World Bank estimates that in sub-Saharan Africa an additional US$15 billion in investment is needed between 2015 and 2020.

The Bank's analysis of the"
