,17
keyword,poverty alleviating
clasification,No Poverty
gpt2_0,"poverty alleviating activities (in my opinion).

But some of them had come to understand and understand exactly what the goal was and what it was not. They went from having absolutely no idea how to achieve welfare spending over the past eight years"
gpt2_1,"poverty alleviating"" scheme that gives individuals and families the opportunity to buy or borrow from the government (by borrowing more from the government or by transferring money from one family to another).

However, these proposals were rejected by the Scottish government,"
gpt2_2,"poverty alleviating measures.

The U.N. Development Program's Global Hunger Index (GFI), for example, uses one example in particular: one day's work and one child per week, for instance. These days often involve an"
gpt2_3,"poverty alleviating"" scheme.

But not all advocates for the scheme understand how it actually works.

Kathleen Wainwright, spokeswoman for the Urban Center, said they're not calling the scheme a ""real-time financial"
gpt2_4,"poverty alleviating measures would be counterproductive,"" he said.

The government recently announced the release of a series of studies, which found that reducing child poverty by 4 per cent would be feasible or cost-effectful but could lead to more poverty"
gpt2_5,"poverty alleviating, and the economy was better. The government provided a stable level of wage productivity growth for all individuals, the working class experienced its greatest rise in 10 years.

A long time later, in the course of that decade,"
gpt2_6,"poverty alleviating, and social services. It wasn't very successful, and then the government took over. How can you say that one day the ""Poverty Reduction Coalition"" will finally be brought together after two years of work under one program to"
gpt2_7,"poverty alleviating measures. This is why they should be abolished, not by the State but in every community. But only if they be abolished by them on their own terms. If you can't live in these communities with us, you will starve"
gpt2_8,"poverty alleviating benefits, including Social Security and Medicare, to people in the bottom two percent of the income distribution.""

Friedman argued to the Supreme Court that those efforts are necessary because only about 20 percent of the income earned does so"
gpt2_9,"poverty alleviating activities to address poverty alleviation and/or reducing homelessness.

(b) The Secretary shall issue an initial report to Congress on each program funded under title XVIII of title V of the Higher Education Act of 1965 and shall"
gpt2_10,"poverty alleviating measure will, in my opinion, be most important to the long-term health of our children's future and prosperity. It will ensure that in our communities that children are well-fed for school and, through economic growth, by"
gpt2_11,"poverty alleviating actions by the poor and working poor, but this is not a comprehensive and comprehensive strategy. That is why, at our state's own school board meeting the school day for children today was also dedicated to 'The Child, Not This"
gpt2_12,"poverty alleviating action"" in her book The Black Woman: A Feminist's Guide to Domestic Violence.

""Even before she was at St. Paul College … I saw that many women who came into the St. Paul field experienced sexual harassment"
gpt2_13,"poverty alleviating, community-based programs that have been put in place as a result of the 2010 financial crisis.""

A 2014 report by the Congressional Budget Office and the Office of Management and Budget found that by 2020, a federal government deficit"
gpt2_14,"poverty alleviating, and other health and social justice objectives is a great step for the future of the Philippines as well.

The world should welcome the vision of an equitable, dignified and sustainable global economy that is based on global solidarity."
gpt2_15,"poverty alleviating, yet in some ways more difficult.

When I worked at the State Department through the Bill Clinton administration, I had a lot of problems – we had a budget crisis of scale, a long, long list of problems."
gpt2_16,"poverty alleviating, non-communicable diseases. Among the most important issues affecting the future of the planet is the spread of infectious disease from humans to the rest of the world. Worldwide, nearly all diseases have significant, long-lasting human-"
gpt2_17,"poverty alleviating assistance program, and so on.""

Of course, this does not make the problem even worse. The poor have been working to provide basic services for the vast majority of Americans since their late 20s, and the poverty problem"
gpt2_18,"poverty alleviating measures for poverty alleviating beneficiaries.

(9) In relation to the income of beneficiaries living in poverty at the moment of their birth, it is necessary, in the relevant circumstances, to examine how it would be possible for"
gpt2_19,"poverty alleviating policy.""

While he said such issues are unlikely to be solved by the end of next year, Sanders has said that he's ""looking at it"" as a potential party platform for 2015. Trump has repeatedly said that if"
neo_0,"poverty alleviating programs.”

We are working to protect the Constitution against a tyrannical president. We must never forget our Founding fathers put these rights in our Constitution for the protection of the people and not the left.

L"
neo_1,"poverty alleviating measure

Bhutan

_See also_ Arua _and_ Dzongkha

Bhutanese languages

Bijelo Polje (Bolshevist)

"
neo_2,"poverty alleviating‘

But, of course, it does.

It gives them a false sense of security in regards to their financial prospects.

The U.S. has one of the highest poverty rates in the Western"
neo_3,"poverty alleviating actions.
In addition, the Court noted that ""the [PPA] does not require that all
eligible plaintiffs be `counseled or otherwise provided' with the
information they may need to pursue a PPA"
neo_4,"poverty alleviating measures. I did not support the bill,” said Senator Bernie Sanders of Vermont.

“I think a very strong case has been made that you have to go beyond the level of rhetoric and the level of rhetoric"
neo_5,"poverty alleviating and social justice focused initiatives and projects. The projects and projects will be focused on the following theme “Building a Community of Compassion in Service on the Rise”.

Kapil Vijay will be leading the"
neo_6,"poverty alleviating). In 2010, these non-profit organizations employed nearly 40,000 people, including nearly 25,000 teachers.

Education

In January 2008, the US Census Bureau released their American Community Survey for the third quarter of"
neo_7,"poverty alleviating activities, such as the United States Agency for International Development’s (USAID) “Project Livelihood,” which has supported the development of water-driven rural businesses in Nigeria and Zambia.

Other"
neo_8,"poverty alleviating activities' which were aimed at 'all' and 'all kinds of people so no one person is left behind.' As such, he wanted a 'revolutionary' ( _rebelde_ ) society 'that is not based"
neo_9,"poverty alleviating action and for the implementation of programs providing access to quality health care, safe, affordable, nutritious food, housing, education and other services to all those who need them.

To support the development of food and nutrition programs in"
neo_10,"poverty alleviating activities of charitable donations, but they do not necessarily do so by providing a direct benefit to the recipient for whom the charity is responsible. They provide these directly to the beneficiary by funding a program that reduces the recipient's risk of poverty"
neo_11,poverty alleviating)                                             
neo_12,"poverty alleviating behavior of our children.”

The bill would make it a misdemeanor to intentionally or recklessly harm animals “with the intent of inflicting harm or injury to any animal or person or with the intent of depriving any"
neo_13,"poverty alleviating”, and even though it might be a stretch to call that a virtue, it’s one. It’s the reason we were so excited about the idea of a “social dividend” in our"
neo_14,"poverty alleviating behavior,” the agency says.

“This study finds that the most powerful predictors of poverty-alleviating behavior are self-reported cognitive ability, economic status, and number of social interactions. The study"
neo_15,"poverty alleviating” means “to alleviate the financial difficulties of impoverished individuals or families”).
Under the guise of helping struggling families, these funds support the very families we all wish to avoid. We see this funding used to create"
neo_16,"poverty alleviating

prestigious

prestigious organizations

prize winners

property taxes

progressive taxation

Project on Government Oversight (POGO)

public assistance programs. _See also_"
neo_17,"poverty alleviating activities. In this chapter, we describe the various ways in which a city can use this type of funding strategy, and then discuss how the city of Portland used this strategy to alleviate poverty, develop a more economically vibrant city, and"
neo_18,"poverty alleviating activities, and that such services and facilities have been operated free of charge or for a nominal charge. If the Court decides to enter such an order, it will be necessary for the Government of the Virgin Islands to apply to the Superior"
neo_19,"poverty alleviating activities were initiated.        (n=3)    (n=3)

\* The number above each entry represents the number of persons living in households in which the intervention was"
