,22
keyword,poverty extreme
clasification,No Poverty
gpt2_0,"poverty extreme in Africa: a few of the more important pieces of evidence.

In their report, researchers conclude that both aid, particularly military aid, can make this continent much more vulnerable, but that the evidence so far lacks sufficient evidence."
gpt2_1,"poverty extreme cases"" are getting worse as ""a number of states' residents are leaving that kind of income or position vacant."" (We rate this claim Mostly False.)

Many of the residents of states with the highest numbers of welfare recipients were"
gpt2_2,"poverty extreme. The idea was to look at the causes of poverty while showing how we can improve, not simply improve our economy, social safety net, and health care outcomes.

It was a little bit more complex, but it eventually became"
gpt2_3,"poverty extremeism"" has failed to be understood as a response. It might be argued that to call for a change in the policies that produce inequality is to call for a radically different approach. But the problem of why inequality can emerge in the first"
gpt2_4,"poverty extreme and poverty moderate, which means that the social mobility needed to make up the difference between poverty and social stability will depend on economic performance.

But, of course, there's also the question of whether the social mobility gap could be"
gpt2_5,"poverty extreme"", and the US and Europe must be ""engaged aggressively"" for economic development programmes, the Secretary-General has pledged. The Office Of State and Local Government announced a $300m (£263m) investment programme for development programmes aimed"
gpt2_6,"poverty extreme"" for black Americans and Hispanics, compared with the general population, the report said.

Obama's remarks were echoed in a December 6 speech on racial racial tensions and the use of militarized U.S. ground troops in Iraq"
gpt2_7,"poverty extreme poverty. To make an absolute comparison this is a very fine analogy, but I still think an excellent one, based on the above data.

Source:

http://mfs.chicago.edu/public/public"
gpt2_8,"poverty extreme housing in London was not due to any particular economic situation"" and ""there might be some way to give it some kind of a sense of urgency"", the Labour leader also said: ""We don't need people being poor to get up"
gpt2_9,"poverty extreme. It's a global concept. It's probably something which I need to do more on with my students, for them, because they can't afford it. I'm also doing a lot of research, that's about it. So"
gpt2_10,"poverty extreme economic situation

A.P.T.O.R.C.

The government and unions were not happy at the lack of progress on this issue. Some of the unions and public services union, and their affiliates were"
gpt2_11,"poverty extreme"" and was one of two judges in the federal appellate court to say so in July.

A similar policy of ""poorly drawn"" judges is in effect in Texas, although judges in the state have to pay some $1"
gpt2_12,"poverty extreme"", even though one-third of all Americans (about a quarter of all Americans) have no means-tested entitlement. The vast majority of working people, more than any other group and even part of society at large, are not poor"
gpt2_13,"poverty extreme poverty and the effect they have on the poor.

In his book, How to Stop the Welfare State, Thomas Piketty notes just how effective the federal government is at curbing inequality and the way in which that inequality shapes"
gpt2_14,"poverty extreme-income countries in 2008. A global economic boom and rapid globalization has seen the global economy shift towards more and more extreme parts.

Since its establishment, the EU has expanded its economic reach, as the EU has a huge"
gpt2_15,"poverty extreme inequality, economic inequality (with few exceptions), and even race inequality in general. They conclude that in the context of their research and their focus on wealth distribution, poverty has no serious impact on any person or group on the scale of their"
gpt2_16,"poverty extreme"" – are still the most prevalent types of poverty. In fact, over the past decade, poverty has been on the rise for a third of all people. The problem with this is that a substantial portion of the income from this very"
gpt2_17,"poverty extreme,"" noted the Times.

This week an anti-racism law would protect people from the ""very dangerous"" effect of anti-racism laws and from discrimination under the law if they're white and that's where the discrimination"
gpt2_18,"poverty extreme is that not only are most people working but also many are forced into poverty due to lack of job security or employment opportunities. At the same time, the gap between how much unemployment is paid out annually for Americans remains big and even growing"
gpt2_19,"poverty extreme? Then it's time for you to join the ranks of the radical left.

In today's increasingly polarized world, some of the most radical left-wing voices on the left have an incredible capacity to provoke and provoke far-"
neo_0,"poverty extreme, but there are no guarantees the poor will ever be brought up under the radar. Not to mention the fact that the U.S. is a signatory to the UN Declaration of Human Rights.

The U.S."
neo_1,"poverty extreme poverty

""My name is John, and I’m an engineer"" and I’m pretty sure that’s the worst and most boring excuse ever. He might have been born in a rich family. He"
neo_2,"poverty extreme poverty and human trafficking, in which we see the lack of control over
the production and distribution of commodities.

C. In an interview with The Guardian newspaper, Oxfam executive director Oxfam GB
said “There is"
neo_3,"poverty extreme' to be poor in a good, healthy and normal way.

But as a result of the financial crisis, the state of South Australia has made huge policy errors, some of which have led to the poverty rate increasing from 5"
neo_4,"poverty extreme poverty

The issue of poverty has a special meaning for me, being the father of a disabled child, and having lived during the Great Depression of the 40’s. But, I think most of us recognise that in most"
neo_5,"poverty extreme” to a better world. It is also worth noting that, as of 2015, India had nearly 60% of the population in a state-dependent formal or quasi-formal education. As a result, it produces more educated"
neo_6,"poverty extreme and it's not an exaggeration to say that these people get on a plane and go to work for one of the five biggest companies in the world.""

So what?

That's not even the worst part.

"
neo_7,"poverty extreme poverty"" or ""pernicious poverty""? Or both?

I think the two are essentially the same. As far as I have seen, the two are usually used interchangeably.

If you say you are going to"
neo_8,"poverty extreme poverty poverty severe poverty severe hardship poverty poverty extreme hardship

How Much Does It Cost to Get Sick in America?

It's a question many people have asked themselves. Why does it cost so much to get sick in America?"
neo_9,"poverty extreme, and the poor in the poorest countries are also increasingly poor people who are at risk of being out of the labor force or not having a job.

But I'll leave the question of how to go about it to our next"
neo_10,"poverty extreme poverty extreme poverty extreme poverty extreme poverty extreme poverty extreme poverty extreme poverty extreme poverty extreme poverty extreme poverty

I'm having a serious identity crisis. I'm just over it with a good sense of style, because for two hours a day"
neo_11,"poverty extreme poverty

The term “extreme poverty” often is used to refer to a person living on less than $2.50 per day in the United States, but what this means in reality is different from what the word �"
neo_12,"poverty extreme poverty/poverty/poverty

The following is a list of poverty and extreme poverty in the United States based on the Census Bureau's analysis of the 2014 American Community Survey. Poverty in the United States is defined as an income"
neo_13,"poverty extreme-poverty poverty extreme-poverty poverty extreme-poverty poverty extreme-poverty poverty extreme-poverty poverty

Bribery: $5000 to $1000 per ticket in total

Bribery: $2000"
neo_14,"poverty extreme poverty extreme poverty 1,500,000 1,500,000 extreme poverty extreme poverty 1,500,000 1,500,000 extreme poverty extreme poverty extreme poverty extreme poverty 1,500,000 1,500,000 extreme poverty"
neo_15,"poverty extreme.
- There are no poor people.
The definition of poverty is relative to how much money you make.
There are no poor people.
There are no rich people.
There are no poor countries.
There are"
neo_16,"poverty extreme,"" of the sort that has been the norm for decades.

When we take the income gap as the measure of inequality — what the government's ""poverty rates"" indicate — we see that poverty among the poorest families is down"
neo_17,"poverty extreme poverty"" of $2.5 billion and $3 billion for the two. ""This is the cost of the current status of our refugee and asylum seeker policy,"" he said. ""This is the price our society has paid for inaction"
neo_18,"poverty extreme poverty

Menu

Why the World’s Poor Are No Longer Poor – Part 2

To understand this change we need to look at two major ideas. The first is that poverty and deprivation are a thing of"
neo_19,"poverty extreme poverty is defined as individuals with a per capita income that is less than the national poverty line (in 2010 US dollars).

In [Fig 2](#pone.0222588.g002){ref-type=""fig"
