,24
keyword,poverty living
clasification,No Poverty
gpt2_0,"poverty living) and that is the kind of work. In the United States for example, women don't earn enough to take care of their children and to pay their bills or just do nothing to support their families.

What is important is"
gpt2_1,"poverty living"" programs,"" wrote Dr. Tom Sperling, an environmental policy professor at the University of Delaware and author of his book, The Biggest Lies of Economics: What Our Government Really Wants Us to Know About Climate Change and Economic"
gpt2_2,"poverty living ratio, which is considered the rate of the income earned by families within the household.

The figure was also calculated for households with incomes of US$29,890 ($4,714 in 2014), for households with incomes"
gpt2_3,"poverty living rate (the median is 29.6 per cent (the median is 30.5 per cent)); the share of households making less than $1,000 per year was 24.4 per cent. The share of people making more than"
gpt2_4,"poverty living is still a bad idea – but as an African American woman, I had little to no support. There was never any time for politics - because I was a poor black woman - and there was no time for media, and I did"
gpt2_5,"poverty living. In a similar vein, a survey of 875,000 households this week found that there is almost half of parents living below the poverty line who have a child with autism who are still living in their home.

In fact"
gpt2_6,"poverty living"" of young children. Of course this is just the latest form of a political problem: it is something that must be addressed first time around to make it not acceptable. And it is already time to create an approach that is both clear"
gpt2_7,"poverty living rates.

They don't actually say the government is subsidizing those who don't work full time, instead suggesting, rather than actually spending money on social programs, that the government should be subsidizing them. Rather, they are"
gpt2_8,"poverty living: Does Poverty Loses Meaning?

I recently visited the White House Correspondents Dinner where the press was being shown video and images from the event. The crowd was very receptive and very open to talking about poverty. I met some"
gpt2_9,"poverty living in the U.S.

The study, however, also found that young families in the suburbs typically have higher rates of foreclosure and home abandonment. For those who live in high-earning middle-class communities, the overall"
gpt2_10,"poverty living rate and the need for economic reform. There's an opportunity to build an effective national-development policy and be more critical of the big financial institutions, and to avoid a permanent cut in social programs. The need for an end to the"
gpt2_11,"poverty living) as a major problem for American families.""

The findings are based on a 2005 Census Bureau report that found that the median income of poor families in the United States grew by about 1.9 percent between 1974 and 2002 and has"
gpt2_12,"poverty living conditions in the countryside.

To understand the crisis faced in rural Kenya in the 1950s and '60s see an overview of the major social development projects, notably the work of African Economic Development (AIDA) which took place"
gpt2_13,"poverty living"" as ""a symptom of systemic poverty,"" according to an international report, The World Bank's Poverty Index (Poverty at Risk: How Much More Poverty Are We Needed to Stop Inequality and Development)?

And the Pew"
gpt2_14,"poverty living (1.4–3.3 pkd) for a two-year period; the two variables were not significant for the five main areas (Table [2]). In the present study, we did not find an association between"
gpt2_15,"poverty living is not quite as bad.

At his press conference on Friday morning, Mr. Trump pointed to an increasing number of recent U.S. data showing the economic crisis is growing. ""You look at people's wages for the"
gpt2_16,"poverty living' means they will make as much as they can afford.


The poor are ""in the process of having their social security checks cancelled or their pay set aside, so many people are simply not getting any decent, living wage for"
gpt2_17,"poverty living, you will never be in the market for a house, or a car or a big house - but there will always be a few who share your home values, and you will pay for their wealth with a credit card. That's"
gpt2_18,"poverty living by 2050.

We also need a shift in the direction of income policy. If you look at the figures on the way down from the last census under our Green Tax, the proportion of people with no pay-as-you"
gpt2_19,"poverty living program. It's about making a living from working hours, but I do see that many children are still at risk from homelessness. I think the best way is to educate parents about what helps the kids get off the streets.""

"
neo_0,"poverty living on a low income. The data represent the mean or average for the income quintile of the household. It does not mean that all households are exactly equal.

An increase in education (as measured by years of educational attainment,"
neo_1,"poverty living standards and that he would provide the same benefits to current federal employees.  When pressed for a specific example of this benefit, he said only that it was the same for ""any"" federal employee and that it was ""in the bill"
neo_2,"poverty living in the United States, according to the Center for Responsive Politics.

“We have made a lot of progress in our lifetimes, but we’ve also made a lot of mistakes.”

In"
neo_3,"poverty living in London was reported by the World Health Organization to be around 20 percent, or 1.4 million persons.  More recently, the I.S.P. estimated that in the United States there are about 35 million people living in"
neo_4,"poverty living in the United States,"" and was therefore able to avoid having to pay any of the steep tax bills that the government would impose on the poorest of the poor.

The system also allowed rich people to avoid paying taxes, especially taxes"
neo_5,"poverty living conditions; and that the poverty rate is the proportion of people with a given income who are poor.

These assumptions are also incorrect. First, the poverty rate is not the proportion of people with a given income who are poor."
neo_6,"poverty living on $1.00 a day.""

""Then, you have not been poor, and have not been so poor that you have
not worked."" And the man who is poor in spirit and body has the same
des"
neo_7,"poverty living in a country at a time when the only means of gaining economic independence was through labour and the only way of avoiding starvation was by becoming a shopkeeper, and as such it was also the case that the majority of workers in such a"
neo_8,poverty living there. She had no family of her own. She did not work. She had no desire to work. The only thing she wanted to do was to have a baby. Her sister and father had given up their babies for adoption.
neo_9,"poverty living on the streets of downtown Chicago.

“This is about getting our communities back on the right track,” she said. “There's a lot of work to be done, and we want to make sure we"
neo_10,"poverty living in cities. The most striking feature is the concentration of young people in the cities and in working-class neighborhoods. While some of these young people have come from poor families, for the most part, they have grown up in middle-"
neo_11,"poverty living in poverty. Now it’s time to make some noise in Washington.

This post has been updated to remove a reference to a report on poverty among young adults.

Please read!

Last week brought another"
neo_12,"poverty living area, or on $2.0 or more per room. The
$2,500.00 threshold is a limit on the amount of rent one could pay
on a one-bedroom apartment in Washington, D.C."
neo_13,"poverty living in the UK). I know it was a long time ago, but what I want to know is, what is your view of the future of the UK in that decade?

It’s not an easy time to be"
neo_14,"poverty living in the U.S.

1,054,812

717,063

2.7%

% of working age population living in poverty

8.7%

9"
neo_15,"poverty living in the United States,” said Brian Schoenbohm, cofounder of the Center for the Study of Social Exclusion at New York University. “The only way we can see if it is happening is by looking at"
neo_16,"poverty living in our city,” a move that was praised by some as an innovative social-justice statement.

The board’s meeting, which preceded that statement, was the first in which the board expressed its desire to take"
neo_17,"poverty living in cities and deprived rural areas, while a significant portion of women living in cities are already wealthy. The remaining women were divided into two subgroups: one with a high level of autonomy (i.e., high scores in the autonomy"
neo_18,"poverty living) and an increase in the number of people reporting that they went to a doctor because of their condition. For example, compared with 2001, 2007, 2008, and 2009, the percentage of adults who reported that they had one or more"
neo_19,"poverty living in the heart of the city.

""There is a lot of support for the homeless from friends and neighbors, and it makes a difference,"" said Mayor David Condon.

Some of the community members who have donated to"
