,23
keyword,poverty life
clasification,No Poverty
gpt2_0,"poverty life and are taking other measures to address their vulnerability.

""This is an issue of political leadership and it's got to be resolved by the government for everyone to come up with something that has been addressed as soon as possible,"" said"
gpt2_1,"poverty life-and-death rate, there have been almost 800 cases of child poverty.

The State Department has now received more than 3,000 reports over the last 10 years. That number is not very low: According to the Office"
gpt2_2,"poverty life.""

He then added: ""The issue of 'disparate impact' when it comes to women – and who can complain – is one that's increasingly under the radar. In a time of austerity we're already seeing some"
gpt2_3,"poverty life-style on the face of it. One would expect all the people living in poverty to have a very similar lives story, that to them they could be considered the poorest.

A little bit of this might strike you as an"
gpt2_4,"poverty life.

In this story of ""the powerlessness of the poor,"" we are told of a social system that, with its low incomes and the failure of education, had allowed a group of individuals to be as impoverished as any other"
gpt2_5,"poverty life of a US woman. The only hope of saving a couple out of debt as well is the purchase of an American Idol DVD player and a large-screen TV.

A few more years are probably a decent time to read this"
gpt2_6,"poverty life, we would be better off, but in reality it is a far cry from the present situation: more and more of our population is in poverty without even recognizing its problem, thus putting more and more people in need to start receiving aid"
gpt2_7,"poverty life-style for the same number of children.

But he argued that the study was actually only good for local communities because it focused on the impact of the poverty-to-housing ratio.

""We knew what happened,"""
gpt2_8,"poverty life,"" then there are the kids who may never turn five.

""Somebody told me that they had not tried out for any one school in this city, they thought they would have to move to a different city so they could"
gpt2_9,"poverty life expectancy at birth—in comparison to a similar population-based sample of elderly African Americans (19%, 30%). We can also compare children of single white families in the black community relative to children of one (with white parents) of non"
gpt2_10,"poverty life is a matter of a number of factors. The first factor is the percentage of children in poverty, and the second factors are the proportion of women in poverty, and the third is how often they live with their current living standards, which"
gpt2_11,poverty life expectancy in the US has increased nearly 90.5 years (2006) by 14.2 % compared to the general US population (15). This compares with the 1.2–4.0 decade age of a typical US adult of
gpt2_12,"poverty life.""

With the federal government trying to control such conditions, the Obama administration has been working to control it. For example, the program for people in low-paid jobs may be more limited and may not include job training and other"
gpt2_13,"poverty life to be that they would not be able to get an education.""

The state estimates that the cost of child care will grow to $200 million in the next decade for a total of $6.1 billion per year in fiscal"
gpt2_14,"poverty life. Some of them have even managed to return to work.

And it was from an earlier generation that David Cameron was the first prime minister to propose to introduce a national minimum wage above that which the prime minister spends every day."
gpt2_15,"poverty life is one of their great selling points.""

Byrne's message is also to make sure that their children are placed in safe schools by ensuring they are treated ""with the professionalism that is the hallmark of the UES program,"""
gpt2_16,"poverty life and employment in the U.S., this article summarizes some relevant information from a survey of nearly 3,000 children in low-income communities in North America

Poverty in the United States as a Percent of a Percent of a"
gpt2_17,"poverty life was, after all, so different than our lives today. And yet, we were not able to change all that. We were unable to change all that. Because even if we knew the answer to that question, we still wouldn't"
gpt2_18,"poverty life. When he wrote, ""I was raised in the old school of social reform, with a strong attachment to liberty and a strong religious sentiment against oppressive legislation,"" he had no doubt that he was quite right; in fact, he had"
gpt2_19,"poverty life of working-class, affluent Americans. That is, the poor, like the elderly, have a higher proportion of income and to a lesser extent wealth over these past decade than do the upper-middle class.

For Americans to"
neo_0,"poverty life in an affluent society. We would be free to work for food, and we would have the freedom to own and possess property as we wished.

""You would need to learn to survive in a system where you are guaranteed a"
neo_1,"poverty life', but not just for the poor. He called it the 'machinery of wealth' and told the audience that he was against 'the machine of wealth'. The machine's goal is to 'keep everything the same'. What we"
neo_2,"poverty life"" to include life in the ghetto of New York City and life in the ghetto of Milwaukee. And the evidence proves without any question that it is true. It is true in New York State, it is true in Milwaukee, and it"
neo_3,"poverty life,” and that the “world is made for you and me.”

On his death, he was eulogized by members of the civil rights movement, including Coretta Scott King (mother of Dr"
neo_4,"poverty life, or in the best-case, by using the money to provide the freedom-to-exercise and enjoyment-in-itself.

While the “poor people” of the world have been living under a"
neo_5,"poverty lifeboat crew"" was no picnic.

In the 1970s, a group of students left the university to set out on a similar quest. A lot of them were not sure what they wanted to do next, but they certainly were"
neo_6,"poverty life.

There is no better example of such a life than the life of the
poverty-stricken woman who, like the poor woman, lives as an exile.

There are great many poor women whose lives have"
neo_7,"poverty life is not enough in order to make that kind of change. You don't need to be poor, you don't need to have been born poor, you don't even need to have survived. The one thing all of those have in"
neo_8,"poverty life-course: family and community level of resilience in the face of adversity_

D. D. Scott, W. F. Turner, M. J. Brown, R. L. Brinkman, J. B."
neo_9,"poverty life"" in this country.

When the British invaded Iraq in 2003, Saddam's rule was already falling apart and many of his officials fled the country. In 2005, Iraq was the scene of a new and brutal kind of sectarian conflict"
neo_10,"poverty life and death. After World War I, as he saw the postwar depression looming, he sought to use his international exposure to educate young Americans on the dangers, in his view, of a “lazy, unbusinesslike and careless"
neo_11,"poverty life"" is an empty concept that is used by politicians to further their class agenda. This year, we’re seeing a real shift in political discourse. We’re seeing the liberal media go from the “bipartisan"
neo_12,"poverty life at a time in my life when the choice to do so had been
confronted me.

But once in the car,
I realized that this was the only chance to do what I had to do for at least"
neo_13,"poverty life is the essence of God's grace. The gospel is a means of grace. God is the source of mercy, love and mercy itself.

A few years ago, I was listening to a sermon about the Christian life and the"
neo_14,"poverty life

Sunday, August 31, 2011

It's just a week away till the arrival of my eldest son. Last Sunday night I went out with friends & their two children for a day of family fun. It was a great"
neo_15,"poverty life.

I believe all children must have a place to call home and we do what we can to make it as comfortable as possible for them, but no child should have to live in poverty.

The most important thing is"
neo_16,"poverty life, which are not only bad for us but also bad for the planet.

A new breed of consumerism is starting to take root, one that uses a new way of thinking about things. It's as if, in the"
neo_17,"poverty life expectancy:

Life expectancy in the United States is among the best in the industrialized world, but there are some disparities in life expectancy by race and ethnicity (the U.S. average for white men is 79.4 years,"
neo_18,"poverty life. But the reality is that for most people, there
are many things that they'd love to do, but are not so inclined
that they could actually pursue. It often turns out that there's
nobody out there who"
neo_19,"poverty life.

It's a pity that you weren't alive to experience such events. But you know it as well as I, and I don't know that I've ever taken time to savor such a moment.

And"
