,21
keyword,poverty eradication
clasification,No Poverty
gpt2_0,"poverty eradication.

Yet in China it is the U.S. that does the most to tackle the problem and, as the Washington Post's John Lacy writes,

""China and the United States are both working to make"
gpt2_1,"poverty eradication of HIV/AIDS, the WHO has established a global strategy and strategy to eradicate HIV, Hepatitis B, and C. These strategies focus on prevention, treatment, and treatment access for all countries in the region and include prevention"
gpt2_2,"poverty eradication to provide resources to communities struggling with food insecurity.

It also urges Congress not to ratify the TPP, the Trans-Pacific Partnership, or end the Trade Adjustment Mechanism.

The TPP, including the Trans"
gpt2_3,"poverty eradication,"" the U.S. Supreme Court said, in a decision that has made the issue the priority of the Trump administration for years.

The court is currently considering an appeal of a decision by the Obama administration that found that"
gpt2_4,"poverty eradication programs had no effect on the total number of immigrants.

In 2012, the UNFPA had a population of 14 million.

This chart is from the U.N. High Commissioner for Refugees (UNFPA"
gpt2_5,"poverty eradication, you may be surprised by how many of our most common problems do not actually exist — we can't talk about them (even though it's a great time to go to your local McDonald's to buy a few of these!)."
gpt2_6,"poverty eradication in our community, especially among children and youth,"" said Jim Cooper, president, New York-based Council on American-Islamic Relations, a civil rights think tank that has long opposed the idea.

Frequently, the idea"
gpt2_7,"poverty eradication efforts. Instead, our focus has been on efforts on the poverty and social conditions of disadvantaged black and brown students,"" the report said. ""In this report we believe the most effective strategy toward addressing the disparity in our state's education"
gpt2_8,"poverty eradication programs—the one where the poorest can afford a flat roof, and the one where the most vulnerable are the least able and the most likely to suffer economically.

I mean, he's going to give his wife and two"
gpt2_9,"poverty eradication, and has been making national headlines by pushing a series of policy tweaks that would make those benefits mandatory, but in practice all those steps seem designed to lower its poverty rate by 5.5 points.

It's a fairly"
gpt2_10,"poverty eradication plan that's seen millions of low-income families go without health insurance, which led to increased child poverty. More than half of those who lost health coverage were younger than 35 years old.

And in a country where millions"
gpt2_11,"poverty eradication campaign:

…the government's goal lies in improving the working conditions in households headed by women who could be employed at full pay…women have two choices, either to work at full pay or go to half hours or work"
gpt2_12,"poverty eradication projects in Nepal, which could reduce poverty by more than 30 percentage points (in short, by half a percentage point) by the year 2009. One of the most recent of these projects, dubbed CSPERO, which was established"
gpt2_13,"poverty eradication strategy

by Dr David Brinkley and Dr Peter J. Stumpford

Analyses of poverty eradicated poverty by poverty eradication networks under study

by Dr David Brinkley and Dr Peter J."
gpt2_14,"poverty eradication program is still there, and there are still children who cannot go to school because the program is so poorly managed. It's true that in many states we can try to get it right, but as an NGO we can't help"
gpt2_15,"poverty eradication.

What about you? How have you affected the situation in the last two years?

I've always been fighting poverty. I've made it something that I love to do and I want to make sure everybody gets"
gpt2_16,"poverty eradication with a budget of 2.3 billion dollars; but the most important economic development initiative in the country, he noted, is the development of water infrastructure, and that's just one of the government's other priorities. The most important"
gpt2_17,"poverty eradication"" is also not considered because of its alleged failure to provide adequate access to care. The most common method of improving access is by requiring a state program of services that are already available, but in order to meet basic needs, """
gpt2_18,"poverty eradication project.

What The New Black Panthers Say

The new Panthers are an alternative movement where a common goal and belief is ""power over the oppressor,"" which means that one can't win an entire movement at once."
gpt2_19,"poverty eradication has become an everyday reality.

The fact that so many have been killed in the conflict that they have given this country is only underscoring the fact that while poverty has risen as a share of national income, it has collapsed"
neo_0,"poverty eradication, and, ,

poverty prevention, , , , , , ,

population growth, , , ,

public services, , , , ,

race and segregation, , , , , , , ,"
neo_1,"poverty eradication” strategy in which the government focuses on reducing the poverty level of families in order to fight poverty. To accomplish the poverty eradication strategy, the government implemented new policies in the year of 2012, which includes the new program on"
neo_2,"poverty eradication program (FPEP) in the past. His plan was for the students to use the money to get out of poverty in the first place, he says. Now, his program has an added emphasis on helping the kids develop in"
neo_3,"poverty eradication,"" which is to end poverty permanently in America by providing universal health care and addressing the root causes—racism and classism in America—of poverty.

""We're going to be dealing with this problem for the next"
neo_4,"poverty eradication program, the U.S. Department of Health and Human Services (HHS) under the Obama Administration developed and rolled out the Universal Housing Benefit (UHB). The UHB allows low-income families to receive rental"
neo_5,"poverty eradication, but also in the long term, to contribute towards reducing the social impact of HIV/AIDS, a highly stigmatising disease.

As for the stigma from their neighbours, we believe that the stigma attached to the fact that"
neo_6,"poverty eradication.”

Gonzaga University has also been cited for anti-Semitic incidents.

In the last year, The Chronicle has filed numerous complaints against members of the student organization for allegedly engaging in hate speech. The"
neo_7,"poverty eradication efforts), and the second, is to help develop an enabling environment for all, including those who are still working in the worst-affected areas.

#### _The Human Security Imperative_

The United States and others"
neo_8,"poverty eradication programs and the like.) This is very difficult to do with an automated system. So if you use a hand-held phone to receive a SMS back to your land line, you have to be ready to answer it. Which means"
neo_9,"poverty eradication project.

The three-bedroom house, in Wood Green, was built in a residential area where the local market value often exceeds £1 million. Mr Fuchs-Nyman was reportedly paid £600,000 for"
neo_10,"poverty eradication and poverty reduction (IPER) project in Bangladesh, we found strong evidence of the effectiveness of a large scale, community-based participatory approach (Rice et al. [2014](#mcn12858-"
neo_11,"poverty eradication, anti-apartheid movements and, , ,

poverty, , –,  ( _see also_ famine, food crisis, hunger, and food shortage and poor relief)

Preston and R"
neo_12,"poverty eradication and alleviation is to be a major challenge worldwide. The problem is often attributed to poverty not having means of income generation to meet the basic needs of many low-income and middle-income countries (LMICs), or to"
neo_13,"poverty eradication strategy (see Section 3.3.)

4. Conclusion

The World Bank is a powerful force that shapes the policies of the United States. The Bank's work is therefore crucial for understanding the United States' place in"
neo_14,"poverty eradication:
                                            "
neo_15,"poverty eradication program (EPP) in Haiti, which he established after the earthquake. ""There's a lot of things that have happened to people in Haiti, and you see it happening today in the United States,"" he says. ""Why"
neo_16,"poverty eradication."" He said, ""Let’s go and see these poor people and bring back more of them,” before adding, ""I’m talking about poverty, I’m talking about poverty eradication."""
neo_17,"poverty eradication program for the poor and vulnerable in New York State. It will address the most challenging needs and issues facing people in poverty as well as the most pressing issues of our time, including access to housing, food and health care. The"
neo_18,"poverty eradication and the eradication of hunger- related diseases (HIV/AIDS, Ebola, etc.), and is also a very powerful tool in promoting human security, peace, democracy, economic development, and social justice. Its potential for peace"
neo_19,"poverty eradication efforts.

The United States, along with many other developed countries, is trying to tackle the issue of poverty with a ""pull out, pull in"" approach by focusing on the neediest citizens. Through federal, state and"
