,26
keyword,poverty reduction
clasification,No Poverty
gpt2_0,"poverty reduction

2nd Floor of the Church Building, Westminster, ON M4A 6A3 Canada

We strongly believe that government reform and more public ownership is essential for increasing the number of jobs and prosperity for low income Canadians"
gpt2_1,"poverty reduction was a major key factor that contributed to the rate of incarceration. The state did not implement much reduction since, as reported by the NHTSA in 1996, the average prison population was 17,972, in 1990. In 2002"
gpt2_2,"poverty reduction was found with a reduction of 7 percent, 2 percent, and 5 percent, respectively, after using an individual-level approach. This contrasts greatly with the evidence from the 2000's who found reductions of 5 percent and 15 percent when using"
gpt2_3,"poverty reduction programs (CSPs).


Source: National Center for Budget and Policy Priorities, 2007 Federal Reserve Bank Reform Report, ""Economic Risks and Growth Rates"" (CBO-BRP-01).

The most"
gpt2_4,"poverty reduction can't simply be limited to those who get by on a single income. By the same token, the plan also means a broad range of people with low or no children, some of whom aren't particularly lucky — especially women and minority"
gpt2_5,"poverty reduction. The state has to find ways to reduce the number of kids in poverty, to make sure that they're doing their best to make ends meet. We have to do more work on that, and we have to figure out which way"
gpt2_6,"poverty reduction, but the ""methics of the new welfare state"" is in fact an ideology. On this view, the state does not need a lot of money, it has to do something, and it does nothing at all. """
gpt2_7,"poverty reduction targets of $1,000 per child per year), while for families of income $150,000 or more, $1,500 per child will go to providing child-care services for people with disabilities."" It further says: """
gpt2_8,"poverty reduction efforts and other economic policies that contribute to economic wellbeing. Some of this can also be attributed to increasing educational attainment, social mobility, and the provisioning or employment of goods and services as well as the creation of jobs. But what about"
gpt2_9,"poverty reduction programs have been designed, designed, and implemented using evidence-based recommendations. This paper explores the policy landscape from the perspective of evidence-based outcomes. These outcomes are often more complex, requiring additional research and additional administrative personnel to create the"
gpt2_10,"poverty reduction and other measures necessary to achieve that goal.""

When the federal government asked U.S. Rep. Mike Simpson (R-Calif.) to put the issue behind him, he did so with a strong statement that ""taxpayer"
gpt2_11,"poverty reduction efforts around poverty that will address a host of issues such as housing, food, education and access to transit.

""The State of Michigan is a major player in that space. It's got a real big voice. It's"
gpt2_12,"poverty reduction plan (PDF, 18.6 KB). For an overview of the research and current policy questions on poverty reduction in the United States, see The Economic Growth and Welfare Act of 2009.

(5) The following charts and chart"
gpt2_13,"poverty reduction"" and said, ""The United States has a history of poverty reduction, and when we go back to the past, our economic programs have been focused on providing public services like nutrition, sanitation, clean water, educational programs for low-"
gpt2_14,"poverty reduction. Although the program does help low-income families and college students, more than half are unemployed.

But, of course, many of these programs don't work, and often it isn't right to get rid of them."
gpt2_15,"poverty reduction, but the government will be able to provide a decent standard of living in a country where low wages are still seen as low risk.

And that's one scenario, one that is very likely to play out in the longer run"
gpt2_16,"poverty reduction, there has been no significant economic growth between 2000 and 2010

(4) The overall growth rate from 2000 to 2010 (determined using the GDP growth rate) is at least four per cent, although increases are rarely reported for"
gpt2_17,"poverty reduction in the US by the mid-1990s and the end of World War II. While these results suggest that children of color were still receiving the services they needed after the 1960s, much had changed since then. By 1988, the"
gpt2_18,"poverty reduction.

According to the American Council of Social Workers, the number of children among women dropped from 17.6% to 26.7% by 2015, while earnings per person fell from $7.22 to $9.55"
gpt2_19,"poverty reduction efforts in the U.S. and internationally to promote economic development and promote economic development and poverty reduction efforts against this group.""

But the group cited a report by the World Bank and others that noted that U.S. poverty"
neo_0,"poverty reduction' and 'globalisation of trade'. _Oxford University and British Academy Yearbook,_ 2005, 3, pp. 15–24.

Brysk

D. (2006) The role of the state and"
neo_1,"poverty reduction initiative.

We are also working with the Federal Government to implement the National Health Insurance (NHI) programme and the National Accident Compensation Scheme (ACC).

In the past 4 years, the team has won a number"
neo_2,"poverty reduction.

The fact that the federal government could play such a crucial role in promoting such a sweeping change in the lives of hundreds of thousands of Americans is no surprise to anyone familiar with the government’s approach to such issues."
neo_3,"poverty reduction.”

In the context of the bill, “bipartisan” means that the House is not only able to pass one bill, but it “has actually managed to get the two pieces of legislation to"
neo_4,"poverty reduction and economic growth) and their joint effects on women's life satisfaction (see Table [3](#Tab3){ref-type=""table""}).Table 3Summary of the results of multiple regressions for women's life satisfaction and"
neo_5,"poverty reduction initiatives, the agency in effect is making a $14,000 per year tax write-off per $1,000 in assets. And because those dollars do not flow into the home, the “tax break” is really"
neo_6,"poverty reduction program through state welfare departments” for its participation in the program. If the welfare program was “not participating” in the program for certain reasons, then the state was unable to receive money from the federal government and needed to"
neo_7,"poverty reduction and other projects).

In the aftermath of Katrina in New Orleans, it was clear that the disaster's impact on public education was profound, and that the federal response to it was inadequate. The failure to build a coherent plan to"
neo_8,"poverty reduction

Poor people in the United States are the poorest in the developed world – and as such, they are the most deprived in the world. The poverty rate for the bottom 50 percent of all households is 13.3 percent. The"
neo_9,"poverty reduction"" programs, but they are important and need to continue. I find this is a very telling example of the difference between politicians and the public. The public, in the US, is much more concerned about the poverty rate and the number"
neo_10,poverty reduction” program was called: “The Opportunity Alliance.” The program was developed to promote a return to the “American Way” of business and entrepreneurship by providing financial assistance to those families that were in need of help
neo_11,"poverty reduction"" rather than ""recovery"", and so he has become both the most vociferous critic of capitalism and a champion of welfare capitalism. He has made it clear that his goal is the ""overthrow of capitalism"" and that"
neo_12,"poverty reduction.” The report concludes, “[W]e cannot conclude that state investment in improving the lives of disadvantaged residents is the necessary condition or substitute for improved economic development.” The report continues, “As noted previously"
neo_13,"poverty reduction and inequality). So it is possible that poverty might be a negative externality, but not for the reasons you give.

I would suggest that we cannot simply throw out the word “poverty” as a meaningful"
neo_14,poverty reduction efforts in Canada. We also provide the community with resources to ensure that the right resources are available to empower all communities to be informed consumers of their own health and to ensure the best outcomes with their healthcare and their health budgets. By collaborating
neo_15,"poverty reduction, and the need to reduce the number of young people in prison.”

‘Fluctuating’ approach

The report says the approach of the government and councils should be more consistent.

It"
neo_16,poverty reduction” program in which the federal government would match funds allocated to states by the state legislature for community-based efforts to reduce poverty. But the bill contains language that requires the federal government to provide matching funds to states to support “
neo_17,"poverty reduction, and the other, which was to prevent an increase in the rate of poverty. Both the old and the new programmes were designed to increase the income of the poor (and this increase was only possible by decreasing the rate of poverty)."
neo_18,"poverty reduction.”

(The New York Times)

“The United States still has more than $12 trillion of unfunded liabilities in Social Security and Medicare. This would be a major reason, I believe, why"
neo_19,"poverty reduction/poverty reduction/wealth-gap-in-south-africa-is-closing-but-dont-believe-them-because-of-u_c1)

The World Bank found that"
