,20
keyword,poverty end
clasification,No Poverty
gpt2_0,"poverty endorses the proposal. And now it's time to move forward, which is why this proposal is going to get the approval of the legislature and the legislature will get some public funding. So I think it'll benefit students."" She said she"
gpt2_1,"poverty end up being far more pervasive than people think,"" he said.

This is the third time in six weeks that a Republican governor in Alabama had signed a bill to stop the controversial budgeting by the state's Board of Education, which"
gpt2_2,"poverty end to life rates in the US and around the world by 2050, and global health problems such as poverty and increased urbanization, more than doubled in the past 30 years.

This study explores the impact of the growing inequality on population"
gpt2_3,"poverty endowment"" (the ""Fitchy"" factor) rather than ""unemployment-stabilized"" growth with no impact on employment-stabilized growth of over the next 10 years.

One of the criticisms of Trump"
gpt2_4,"poverty end of year report,"" says Paul, ""but, as for the impact, what is most obvious is that at these numbers, which are based on individual people, the overall trend is that a lot of the impact that is going to create"
gpt2_5,"poverty end-of-generation aid program. For additional information on SNAP benefits check out the federal website.

Food Pantry

Food Pantry offers groceries, milk and baby food for low-income folks.

Food Pantry"
gpt2_6,"poverty end-of-the day.""

The House Budget Chairwoman, House Permanent Select Committee on Intelligence Committee Chairman Paul Ryan (R-Wis.), is expected to deliver a letter Thursday urging Trump to take up the issue of his tax"
gpt2_7,"poverty end by 2020- 21 in this country. This is the goal set by the IMF. ""We live in a post-capitalist society, where all the things that can be done are happening in the past. The economy is getting better."
gpt2_8,"poverty endorses the Obama Democrats' promise to build infrastructure to save billions of dollars, not in the future.

(PHOTOS: Who's In The White House?)

On Friday, Trump unveiled a slew of plans that would make rebuilding"
gpt2_9,"poverty end"" means it is a financial burden.

The bill could also provide incentives for working families. It would allow people to pay for rent and make it easier to buy a baby food box for their kids, for example, or sell"
gpt2_10,"poverty end. The policy's proponents argue that if government can work to improve lives for those already living in poverty without raising prices, then so can all of us. But their proposed policy also would have a positive social cost - to people and to"
gpt2_11,"poverty endowment) and, at a minimum, give tax receipts to families. If you are poor, how do you allocate those funds to the people who really need to benefit? Is there a better way?

We are not talking about"
gpt2_12,poverty end in the USA; there will be no free health and safety net; and millions of children are likely to miss out on the opportunity to have a healthy and successful education. This does not mean that children living in poverty and facing high costs
gpt2_13,"poverty endangers. When you spend your time in this place, it's only fair that you don't turn the lights off.

4. Stop paying your rent for the first time. While many residents say they like to pay their rent"
gpt2_14,"poverty endangers the welfare state.

In the United States, poverty is not just a function of income and employment levels – it is the fact that people on the income ladder earn only slightly more than poor workers.

And given the"
gpt2_15,"poverty end up being worse than a large black community. If everyone else does what they're doing, then we won't have to do anything differently.

That, for the first time, suggests we wouldn't be struggling to live the majority"
gpt2_16,"poverty endangers one in seven Americans,"" he said. ""And in this election, they seem to be failing to understand the real risk to the country of being one of the next generation of undocumented immigrants.

""These changes could make a"
gpt2_17,"poverty end of life.""

It is difficult to imagine the Democrats without the financial support of the Tea Party coalition that included former Massachusetts Gov. Mitt Romney and Sens. Bernie Sanders and Cory Booker, a Vermont Democrat.

On Tuesday,"
gpt2_18,"poverty endangers children. A review of our study will be published in August 2012 that addresses poverty prevention by using a large, multicentre research team in Sweden, a small group of non-governmental organisations, and their participants as a guide."
gpt2_19,"poverty end-of-life bill"" and to ""make Medicare and Medicaid better off financially — all without jeopardizing health and social services,"" according to a statement, ""the American people must reject the partisan agenda that will further their own health care"
neo_0,"poverty endgame: “It is what it is … if we were the best we could be, we’d never be there. That’s the best we can be.”

Lopez was so inspired by"
neo_1,"poverty endowment) and in no other way. This is the crux of the difference between private investment and a publicly regulated bank. It is true that in public banks the interest on bank debt is subject to regulation, and in the UK it"
neo_2,"poverty endowment, the latter requiring a higher fee.

### **New York**

#### **A.E. Wilder, Jr.**

As director of the Manhattan Development Corporation, Wilder was determined to turn the"
neo_3,"poverty endowment

In the early 1930s, John Dewey had long been fascinated by the concept of the ""public good"" he called a ""public domain,"" with the aim of transforming the economic and social world. He had studied with"
neo_4,"poverty end; so should the
uneducated, so should the rich, so should the learned, so should the
pensioners, so should the church; the end justifies the means. A few years
hence, the end justifies"
neo_5,"poverty endowment"" would mean more than a slight improvement in the average American's standard of living. The ""means-tested"" provision's advocates were confident the measure would end the ""exploitation"" of the poor and be funded by"
neo_6,"poverty endowment of the University of Chicago, to the creation of the University's endowment which has made possible the creation today of more than three times as many degree programs in disciplines such as business and engineering than were created at the time of its"
neo_7,"poverty endowment by the private investor. The government will invest a certain amount of money into the endowment; the government keeps 90 percent, and the private investor 10 percent. The private investor then pays 10 percent of the endowment's net operating"
neo_8,"poverty endowment and $5 million from a donor, according to The New York Times. The other $1 million donation was donated to the University of Pennsylvania.

The money came through a non-profit called the George and Linda Green Foundation"
neo_9,"poverty endowment in 1854.

References

Category:1791 births
Category:1875 deaths
Category:People from Oxfordshire
Category:People educated at Eton College
Category:Alumni of Balliol College,"
neo_10,"poverty endowment, and the government's share of the
federal budget all went to the national endowment. As
the nation gained experience with the institution,
the money for its building and operating expenses
accumulated to a considerable"
neo_11,"poverty endowment to establish an endowment for education, with
the power to make endowments of not exceeding $50,000 per year, for
educational purposes; but that it is understood that all, without
regard to"
neo_12,"poverty endowment”) for that purpose with a $500,000 guarantee, plus the $25,000 annual appropriation.

The Legislature last year amended the law to require the state to match an “existing nonprofit agency”"
neo_13,"poverty endowment.

This is not the first time that the Church has come under attack. Its power and wealth have been the targets of politicians and anti-Catholic activists because of the influence that the Church wields on both political and religious"
neo_14,"poverty endowment

The poverty endowment is the portion of a national income (income generated from national income minus government transfers) that is used to provide benefits to those of lower socioeconomic status. The term was first used by the United Nations in"
neo_15,"poverty endowment at any time through the date of distribution. Any
amounts remaining in the endowment after the date of distribution will
be refunded to the donor.

In addition, your gift will be registered for the Gift Tax"
neo_16,"poverty end the week.” What’s not to miss here?

And speaking of the week, let’s be honest, we’re really not into this whole “I don’t like Mondays"
neo_17,"poverty end of the spectrum,” he said. “For that reason—and on a larger platform—he’s a strong candidate.”

Cantor, the former governor of Minnesota, was first elected to"
neo_18,"poverty endowment 
In 2009, The New York Times reported that the endowment's charitable giving amounted to more than $7.5 billion 

It also owns The Learning Annex, a charter school for the children of the New York"
neo_19,"poverty endowment, from which the poor are to have their
possessions. The only difference between the old and the new act
is that the old act is to have a five per cent. interest and the new
act to have"
