,28
keyword,social protection
clasification,No Poverty
gpt2_0,"social protection for workers, the rights of workers to be on their own if and when they want to take up space in their business, and the rights of the worker to control his own actions to reduce risk of injuries to himself, his family or his"
gpt2_1,social protection programs or the ability to get a job. The most common reasons for women taking out a 401k are to save and not for a pension. They often want their children to have better educations and they want to maintain their health. For
gpt2_2,"social protection"" for many in the private sector.

He also said the public should take note of his ""burden of proof"".

Mr Abbott asked MPs for more information and a list of all people who have come forward with evidence to"
gpt2_3,"social protection"" of people's privacy, like the right to record conversations.

The same can't be said of the right to record and publish about your private conversations. An organization could even decide to make this a crime. An anti-priv"
gpt2_4,"social protection from discrimination: 'Don't have faith'

In another example, at the 2016 Paris climate agreement, France's interior minister, Bruno Le Tissier, called for the protection of LGBT people.

On Wednesday, Le T"
gpt2_5,"social protection agency (ASIO) to have a special responsibility as they help to deal with international trafficking. But, again, because of their responsibilities, they have to make the necessary arrangements and go to their workplaces to apply for the 'right to work"
gpt2_6,"social protection""

Cultural Marxism. As we have seen, the ""cultural Marxism"" (i.e., cultural ""Marxism"" based on the idea that every person wants to live their life as a human being) is the enemy of"
gpt2_7,"social protection."" They have no respect, as if any woman ever does. It goes back thousands of years.


The woman who does what she says is a true master. And her children are very interested in seeing her grow. They know she"
gpt2_8,"social protection."" With that in mind, let's take a step back and see what happens when you make an illegal prescription for heroin.

When you break through that barrier of being able to take an illegal pill, it's probably because there's"
gpt2_9,"social protectionism, the idea that we could avoid taxes by ""cutting back on foreign imports of our goods"" and by putting ""a freeze on all trade with the United States,"" and a ""reform of existing social programs"" for the poor."
gpt2_10,"social protection plan and for the people's healthcare as part of the plan. The government agreed to provide social security payments, to ensure that those payments get going and to have those payments in a system that supports people.""

And, at around the"
gpt2_11,"social protection systems were available by that period, and we also found that both private and public insurance markets played a key role in raising investment in the health-care sector and health insurance costs,"" O'Connor wrote. ""At the time, some of"
gpt2_12,"social protection scheme was implemented in 1993, and the cost of the scheme will be recovered from the public after 2014. In fact, the cost of the scheme will be recovered from its beneficiaries after 2014.

To create this scheme, the government agreed"
gpt2_13,"social protection, an official designation of the group. It was also responsible for monitoring the distribution of humanitarian aid across the Middle East for eight years and also contributed to humanitarian aid flows for more than five decades.

After independence, the Taliban-affiliated"
gpt2_14,"social protection"" is based on the belief that these individuals are doing something more important or beneficial than others. The notion that only the most powerful of individuals is needed to maintain, implement, and preserve democracy, can lead not merely to totalitarianism and desp"
gpt2_15,"social protection agencies (see Appendix A and Appendix B for further discussion). These funds would be distributed in lieu of federal and state programs, thereby ensuring the welfare of the American Dream, not to mention the well-being of millions of citizens who are less"
gpt2_16,"social protection and welfare from financial crises in the post, and also for economic growth and employment growth.""

Falk is known for his anti-capitalism, pro-worker rhetoric, but what's even more alarming is that he also has a"
gpt2_17,"social protection of animals, and its importance,"" he said.

The committee was also to consider a proposal from the National Farmers Movement – a group of farmers in India that has been fighting for land rights since 2008 – to have the Union government grant"
gpt2_18,"social protection

-No mandatory minimums

-A government's primary responsibility

-Economic stability - a balanced economic distribution

-Policy choices that affect our economy and the quality of life and society can be made by, inter al"
gpt2_19,"social protection of children of homosexual parents. The same report found that a majority of heterosexual persons are ""willing"" to engage in homosexual behaviors. (The other study found that a majority of homosexuals reported having attempted to harm children, although a substantial minority"
neo_0,"social protection of a worker and the rights of his or her family can be ensured through the establishment of a legal system under a system of social protection.

The current level of protection, the importance of a worker’s family, and issues"
neo_1,"social protection programs for the undocumented immigrant population in the United States, the Supreme Court has held that, except at the very rarest of times, non-citizens may be deported to countries where they will not have access to any form of public assistance."
neo_2,"social protection. See id. at 471472.
The same two considerations apply here as they did in S.W.S., in finding that
the defendant had a constitutional duty to protect against the risk of
substantially"
neo_3,"social protection, the number of people protected from the effects of drought by the provision of food, shelter and water was much higher than the number of people protected by the provision of cash transfer.

A total of 705,000 people are thought"
neo_4,"social protection of employees, as well as health and labor legislation, to the benefit of the whole population, from the cradle to the grave (and vice-versa).

The first step in our campaign was the presentation of a petition to the"
neo_5,"social protection,
                                              "
neo_6,"social protection' and 'good neighbour'.

This is not the only report into Britain's 'broken society' that makes the same point. In a major study of the relationship between poverty and crime in Britain, the authors of 'A Fragile"
neo_7,"social protection

We have heard so much about “green jobs”, “environmental protection”, “climate change” in the last few years, but we have yet to hear much of anything related to “"
neo_8,"social protection (SSP) framework.

""This government has been more interested in giving to the poor than in helping with the poor,"" said Chagla.

""We have never had any other government which didn't give to the"
neo_9,"social protection” system “does not provide the kind of economic support that would make any nation affluent,” according to the report.

The IMF report, released Jan. 5, noted that much of the world’s poorest"
neo_10,"social protection programs have made significant progress in the last decade, there remains one serious problem: the failure to effectively address the gap between income and need.

If someone is working full-time and has family responsibilities, even if they make an extra"
neo_11,"social protection” and the need to protect the “right of the people to choose”. We do not believe that this is the key issue. In particular, the UN’s role in this context seems to be overrated."
neo_12,"social protection and human rights; and (3) the national security role of international relations; and (4) the state capacity for human capital building and the provision of social services and resources – in short for capacity building.

The second key policy"
neo_13,"social protection of foreign workers. Id. at 892, 102 S.Ct. at 2765. By contrast,
""we have expressly declined to find a private cause of action for the violation of
international law in actions involving the foreign relations"
neo_14,"social protection” as opposed to the usual terms of “social
security.”

                              "
neo_15,"social protection of migrant workers.

The bill also allows the government to hire private security for such protection.


As for the fate of the bill now, which includes clauses regarding the state budget and the federal budget, the government is unlikely to"
neo_16,"social protection and to the welfare of his children."" Id. (internal quotation omitted). The record shows that Father has failed (1) to pay his child support obligation, (2) to comply with the terms of the custody order, or (3"
neo_17,"social protection in the United States.”

The New York Times reports this week that the White House is considering the elimination of Social Security and Medicare.

The current law requires the Social Security trust fund to increase every year by 4 percent"
neo_18,"social protection” program, which is a key component of the EU’s “social agenda.” The initiative was launched in May, with the goal of eliminating discrimination faced by both men and women, and “prevent["
neo_19,"social protection

Menu

In a new video published on the government’s official Twitter account, President Emmanuel Macron announced the government’s “social protection” program to provide basic social essentials like food and shelter to workers unable"
